name,code,supply_price,color,size,led,color_temp,features,file_page,source_file
LED 이지라인 - 커스텀 라인직부 3030,005-001-017-000,17000,"주광색, 주백색, 전구색",W30×30 / 1M당 10W,최대 20M 일체형,,교환 A/S 1년 보증,6,c:\Users\skyjw\Downloads\MK12_JPG\MK12_p006.jpg
LED 이지라인 - 커스텀 라인직부 5032,005-002-025-000,25000,"주광색, 주백색, 전구색",W50×32 / 1M당 20W,최대 20M 일체형,,교환 A/S 1년 보증,6,c:\Users\skyjw\Downloads\MK12_JPG\MK12_p006.jpg
LED 이지라인 - 커스텀 라인직부 8035,005-003-032-000,32000,"주광색, 주백색, 전구색",W80×35 / 1M당 30W,최대 20M 일체형,,교환 A/S 1년 보증,6,c:\Users\skyjw\Downloads\MK12_JPG\MK12_p006.jpg
이지라인바스 - L타입,015-001-130-000,130000,1800mm 이하,W83×H64,,,"옥실 실링 SMC 수려, 고급스러운 은흑색 건축물의 품격, 피스 체결 불가피 확인, LED모듈 손상 주의",16,c:\Users\skyjw\Downloads\MK12_JPG\MK12_p016.jpg
이지라인바스 - L타입,015-002-150-000,150000,2600mm 이하,W83×H64,,,"옥실 실링 SMC 수려, 고급스러운 은흑색 건축물의 품격, 피스 체결 불가피 확인, LED모듈 손상 주의",16,c:\Users\skyjw\Downloads\MK12_JPG\MK12_p016.jpg
LED 이지라인 엣지,031-001-025-000,25000,"전구색, 주백색, 주광색",W940×H15,SMD,,"SMPS 24V 필요, COB칩 사용",32,c:\Users\skyjw\Downloads\MK12_JPG\MK12_p032.jpg
이지라인 엣지 '기본형' SMPS,038-004-000-500,500,기본형 500,W25×D15×H50,,,,39,c:\Users\skyjw\Downloads\MK12_JPG\MK12_p039.jpg
이지라인 엣지 '기본형' SMPS,038-002-005-000,5000,기본형 1000,W25×D15×H50,,,,39,c:\Users\skyjw\Downloads\MK12_JPG\MK12_p039.jpg
이지라인 엣지 '기본형' SMPS,038-003-005-500,5500,기본형 1500,W25×D15×H50,,,,39,c:\Users\skyjw\Downloads\MK12_JPG\MK12_p039.jpg
이지라인 엣지 '기본형' SMPS,038-004-006-000,6000,기본형 2000,W25×D15×H50,,,,39,c:\Users\skyjw\Downloads\MK12_JPG\MK12_p039.jpg
이지라인 엣지 '기본형' SMPS,038-005-006-500,6500,기본형 2500,W25×D15×H50,,,,39,c:\Users\skyjw\Downloads\MK12_JPG\MK12_p039.jpg
이지라인 엣지 '기본형' SMPS,038-006-007-000,7000,기본형 3000,W25×D15×H50,,,,39,c:\Users\skyjw\Downloads\MK12_JPG\MK12_p039.jpg
"SMPS (12V, 24V)",038-007-006-900,6900,SMPS 30W,,,,"방수형, KC",39,c:\Users\skyjw\Downloads\MK12_JPG\MK12_p039.jpg
"SMPS (12V, 24V)",038-008-008-500,8500,SMPS 60W,,,,"방수형, KC",39,c:\Users\skyjw\Downloads\MK12_JPG\MK12_p039.jpg
"SMPS (12V, 24V)",030-009-013-600,13600,SMPS 100W,,,,"방수형, KC",39,c:\Users\skyjw\Downloads\MK12_JPG\MK12_p039.jpg
"SMPS (12V, 24V)",030-019-019-500,19500,SMPS 150W,,,,"방수형, KC",39,c:\Users\skyjw\Downloads\MK12_JPG\MK12_p039.jpg
"SMPS (12V, 24V)",038-011-020-800,20800,SMPS 300W,,,,"방수형, KC",39,c:\Users\skyjw\Downloads\MK12_JPG\MK12_p039.jpg
"SMPS (12V, 24V)",038-012-024-700,24700,SMPS 400W,,,,"방수형, KC",39,c:\Users\skyjw\Downloads\MK12_JPG\MK12_p039.jpg
슬림형 SMPS,038-013-010-400,10400,SMPS 60W,,,,"방수형, KC",39,c:\Users\skyjw\Downloads\MK12_JPG\MK12_p039.jpg
슬림형 SMPS,038-014-014-300,14300,SMPS 100W,,,,"방수형, KC",39,c:\Users\skyjw\Downloads\MK12_JPG\MK12_p039.jpg
슬림형 SMPS,038-015-022-100,22100,SMPS 300W,,,,"방수형, KC",39,c:\Users\skyjw\Downloads\MK12_JPG\MK12_p039.jpg
이지라인 메타(매입형) 24V_1M,046-001-031-000,31000,,D40 (타공폭 42mm) × H9 (매입깊이),COB칩,,"SMPS 24V 별도 구매, 주문 제작 가능, 제품색상: 백색",47,c:\Users\skyjw\Downloads\MK12_JPG\MK12_p047.jpg
이지라인 메타 삼색디밍 (매입형) 24V_1M,046-002-037-200,37200,,,,,"추가구성품(컨트롤러, 리모컨, 스위치)은 별도 구매, SMPS 24V 별도 구매",47,c:\Users\skyjw\Downloads\MK12_JPG\MK12_p047.jpg
이지라인 직부겸용 P/D,054-001-038-000,38000,"화이트, 블랙",,,,,55,c:\Users\skyjw\Downloads\MK12_JPG\MK12_p055.jpg
이지라인 직부겸용 P/D,054-002-042-000,42000,"화이트, 블랙",,,,,55,c:\Users\skyjw\Downloads\MK12_JPG\MK12_p055.jpg
이지라인 직부겸용 P/D,054-003-048-000,48000,"화이트, 블랙",,,,,55,c:\Users\skyjw\Downloads\MK12_JPG\MK12_p055.jpg
이지라인P/D용 후렌치&와이어,054-004-008-500,8500,"화이트, 블랙",,,,,55,c:\Users\skyjw\Downloads\MK12_JPG\MK12_p055.jpg
이지라인 직부겸용 P/D,999-999-999-999,999999,"블랙, 화이트",,,,,56,c:\Users\skyjw\Downloads\MK12_JPG\MK12_p056.jpg
LED SMD칩 8mm 12V,056-002-009-000,9000,"주광, 주백, 전구",,,,,57,c:\Users\skyjw\Downloads\MK12_JPG\MK12_p057.jpg
LED COB칩 8mm 12V,056-003-009-000,9000,"주광, 주백, 전구",,,,,57,c:\Users\skyjw\Downloads\MK12_JPG\MK12_p057.jpg
LED COB칩 8mm 24V,056-004-018-000,18000,"주광, 주백, 전구",,,,,57,c:\Users\skyjw\Downloads\MK12_JPG\MK12_p057.jpg
이지라인 메타,056-008-002-500,2500,무광 커버 1M,,,,,57,c:\Users\skyjw\Downloads\MK12_JPG\MK12_p057.jpg
이지라인 메타,056-009-002-500,2500,유광 커버 1M,,,,,57,c:\Users\skyjw\Downloads\MK12_JPG\MK12_p057.jpg
이지라인 메타,056-010-013-500,13500,바디 (화이트 알루미늄) 2.5M,,,,,57,c:\Users\skyjw\Downloads\MK12_JPG\MK12_p057.jpg
이지라인 메타,056-011-016-200,16200,바디 (화이트 알루미늄) 3M,,,,,57,c:\Users\skyjw\Downloads\MK12_JPG\MK12_p057.jpg
이지라인 메타,056-012-000-700,700,마감캡,,,,,57,c:\Users\skyjw\Downloads\MK12_JPG\MK12_p057.jpg
이지라인 직부겸용 펜던트,056-016-002-500,2500,무광 커버 D40 1M,,,,,57,c:\Users\skyjw\Downloads\MK12_JPG\MK12_p057.jpg
이지라인 직부겸용 펜던트,056-017-002-500,2500,유광 커버 D40 1M,,,,,57,c:\Users\skyjw\Downloads\MK12_JPG\MK12_p057.jpg
이지라인 직부겸용 펜던트,056-018-003-800,3800,유광 커버 D60 1M,,,,,57,c:\Users\skyjw\Downloads\MK12_JPG\MK12_p057.jpg
이지라인 직부겸용 펜던트,056-019-009-000,9000,"바디 D40 (블랙, 화이트)",,,,,57,c:\Users\skyjw\Downloads\MK12_JPG\MK12_p057.jpg
이지라인 직부겸용 펜던트,056-020-011-000,11000,"바디 D60 (블랙, 화이트) 1M",,,,,57,c:\Users\skyjw\Downloads\MK12_JPG\MK12_p057.jpg
이지라인 직부겸용 펜던트,056-021-001-400,1400,"마감캡 D40 (블랙, 화이트)",,,,,57,c:\Users\skyjw\Downloads\MK12_JPG\MK12_p057.jpg
이지라인 직부겸용 펜던트,056-022-001-500,1500,"마감캡 D60 (블랙, 화이트)",,,,,57,c:\Users\skyjw\Downloads\MK12_JPG\MK12_p057.jpg
이지라인 직부겸용 펜던트,056-023-000-800,800,브라켓 D40,,,,,57,c:\Users\skyjw\Downloads\MK12_JPG\MK12_p057.jpg
이지라인 직부겸용 펜던트,056-024-000-900,900,브라켓 D60,,,,,57,c:\Users\skyjw\Downloads\MK12_JPG\MK12_p057.jpg
이지라인 직부겸용 펜던트,056-025-000-900,900,I자 연결 부속,,,,,57,c:\Users\skyjw\Downloads\MK12_JPG\MK12_p057.jpg
이지라인 직부겸용 펜던트,056-026-001-500,1500,T자 연결 부속,,,,,57,c:\Users\skyjw\Downloads\MK12_JPG\MK12_p057.jpg
이지라인 엣지,056-013-002-900,2900,커버 (유광 확산 커버) 1M,,,,,57,c:\Users\skyjw\Downloads\MK12_JPG\MK12_p057.jpg
이지라인 엣지,056-014-003-600,3600,바디 (알루미늄) 1M,,,,,57,c:\Users\skyjw\Downloads\MK12_JPG\MK12_p057.jpg
이지라인 엣지,056-015-000-500,500,마감캡,,,,,57,c:\Users\skyjw\Downloads\MK12_JPG\MK12_p057.jpg
LED 라인시스템 노출형 500_20W,058-001-026-400,26400,"화이트, 블랙",L500×D50×H40,LED 20W,"5700K, 4000K, 3000K","직부형, 전선커버, KS, 플리커프리, 리모컨",59,c:\Users\skyjw\Downloads\MK12_JPG\MK12_p059.jpg
LED 라인시스템 노출형 1000_20W,058-002-035-400,35400,"화이트, 블랙",L1000×D50×H40,LED 20W,"5700K, 4000K, 3000K","직부형, 전선커버, KS, 플리커프리, 리모컨",59,c:\Users\skyjw\Downloads\MK12_JPG\MK12_p059.jpg
LED 라인시스템 노출형 1000_40W,058-003-035-400,35400,"화이트, 블랙",L1000×D50×H40,LED 40W,"5700K, 4000K, 3000K","직부형, 전선커버, KS, 플리커프리, 리모컨",59,c:\Users\skyjw\Downloads\MK12_JPG\MK12_p059.jpg
LED 라인시스템 노출형 1500_40W,058-004-048-000,48000,"화이트, 블랙",L1500×D50×H40,LED 40W,"5700K, 4000K, 3000K","직부형, 전선커버, KS, 플리커프리, 리모컨",59,c:\Users\skyjw\Downloads\MK12_JPG\MK12_p059.jpg
LED 라인시스템 노출형 1500_60W,058-005-048-000,48000,"화이트, 블랙",L1500×D50×H40,LED 60W,"5700K, 4000K, 3000K","직부형, 전선커버, KS, 플리커프리, 리모컨",59,c:\Users\skyjw\Downloads\MK12_JPG\MK12_p059.jpg
LED 라인시스템 노출형 2000_60W,058-006-073-200,73200,"화이트, 블랙",L2000×D50×H40,LED 60W,"5700K, 4000K, 3000K","직부형, 전선커버, KS, 플리커프리, 리모컨",59,c:\Users\skyjw\Downloads\MK12_JPG\MK12_p059.jpg
LED 라인시스템 노출형 2000_80W,058-007-073-200,73200,"화이트, 블랙",L2000×D50×H40,LED 80W,"5700K, 4000K, 3000K","직부형, 전선커버, KS, 플리커프리, 리모컨",59,c:\Users\skyjw\Downloads\MK12_JPG\MK12_p059.jpg
LED 라인시스템 노출형 ㄱ자_13W (DC),059-001-017-100,17100,"화이트, 블랙",W200×D200×H40,LED 13W,"5700K, 4000K, 3000K","화이트, 블랙, 상시전원, 플리커프리, 딤핑, 고효율, KS",60,c:\Users\skyjw\Downloads\MK12_JPG\MK12_p060.jpg
LED 라인시스템 노출형 십자_13W (DC),059-002-018-400,18400,"화이트, 블랙",W200×D200×H40,LED 13W,"5700K, 4000K, 3000K","화이트, 블랙, 상시전원, 플리커프리, 딤핑, 고효율, KS",60,c:\Users\skyjw\Downloads\MK12_JPG\MK12_p060.jpg
LED 라인시스템 노출형 ㄷ자_13W (DC),059-003-017-700,17700,"화이트, 블랙",W200×D200×H40,LED 13W,"5700K, 4000K, 3000K","화이트, 블랙, 상시전원, 플리커프리, 딤핑, 고효율, KS",60,c:\Users\skyjw\Downloads\MK12_JPG\MK12_p060.jpg
LED 라인시스템 노출형 Y자_26W (DC),059-005-027-800,27800,"화이트, 블랙",W371×D371×H40,LED 26W,"5700K, 4000K, 3000K","화이트, 블랙, 상시전원, 플리커프리, 딤핑, 고효율, KS",60,c:\Users\skyjw\Downloads\MK12_JPG\MK12_p060.jpg
LED 라인시스템 노출형 R자(라운드형) 소_13W (DC),059-006-047-900,47900,"화이트, 블랙",W302×D302×H40,LED 13W,"5700K, 4000K, 3000K","화이트, 블랙, 상시전원, 플리커프리, 딤핑, 고효율, KS",60,c:\Users\skyjw\Downloads\MK12_JPG\MK12_p060.jpg
LED 라인시스템 노출형 R자(라운드형) 대_26W (DC),059-007-063-000,63000,"화이트, 블랙",W552×D552×H40,LED 26W,"5700K, 4000K, 3000K","화이트, 블랙, 상시전원, 플리커프리, 딤핑, 고효율, KS",60,c:\Users\skyjw\Downloads\MK12_JPG\MK12_p060.jpg
라인시스템_직부 브라켓,060-001-000-300,300,노출형,,,,기본 부속품,61,c:\Users\skyjw\Downloads\MK12_JPG\MK12_p061.jpg
라인시스템_전산볼트 브라켓,060-002-000-300,300,노출형/슬림형,,,,기본 부속품,61,c:\Users\skyjw\Downloads\MK12_JPG\MK12_p061.jpg
라인시스템_레이어 브라켓,060-003-000-300,300,노출형/슬림형,,,,,61,c:\Users\skyjw\Downloads\MK12_JPG\MK12_p061.jpg
라인시스템_조임 브라켓,060-004-001-000,1000,노출형,,,,조임 브라켓 + 피스,61,c:\Users\skyjw\Downloads\MK12_JPG\MK12_p061.jpg
라인시스템_레일용 브라켓 세트,060-005-006-000,6000,노출형,,,,전원연결 브라켓 + 레일고정 브라켓,61,c:\Users\skyjw\Downloads\MK12_JPG\MK12_p061.jpg
라인시스템_팬던트 후렌치,060-006-007-800,7800,노출형/슬림형,,,,PDE너트 + 후렌치 + 브로치너트 + 피스,61,c:\Users\skyjw\Downloads\MK12_JPG\MK12_p061.jpg
라인시스템_팬던트 와이어(900mm),060-007-005-800,5800,노출형/슬림형,,,,,61,c:\Users\skyjw\Downloads\MK12_JPG\MK12_p061.jpg
"LED 라인시스템 슬림형 500, 15W (AC)",061-001-013-200,13200,화이트,L500×D63×H30,"15W / 5700K, 4000K, 3000K",,"삼성칩, KC",62,c:\Users\skyjw\Downloads\MK12_JPG\MK12_p062.jpg
"LED 라인시스템 슬림형 1000, 30W (AC)",061-002-040-200,40200,화이트,L1000×D63×H30,"30W / 5700K, 4000K, 3000K",,"삼성칩, KC",62,c:\Users\skyjw\Downloads\MK12_JPG\MK12_p062.jpg
"LED 라인시스템 슬림형 1500, 45W (AC)",061-003-025-200,25200,화이트,L1500×D63×H30,"45W / 5700K, 4000K, 3000K",,"삼성칩, KC",62,c:\Users\skyjw\Downloads\MK12_JPG\MK12_p062.jpg
"LED 라인시스템 슬림형 2000, 60W (AC)",061-004-039-600,39600,화이트,L2000×D63×H30,"60W / 5700K, 4000K, 3000K",,"삼성칩, KC",62,c:\Users\skyjw\Downloads\MK12_JPG\MK12_p062.jpg
"LED 라인시스템 슬림형 직각, 15W (AC)",061-005-014-200,14200,화이트,W280×D280×H30,"15W / 5700K, 4000K, 3000K",,"삼성칩, KC",62,c:\Users\skyjw\Downloads\MK12_JPG\MK12_p062.jpg
일반 LED바,063-001-004-000,4000,"커버x1, 1M",W12×H5mm (커버 장착 시 H10mm),유연성 PCB 타입,,"5mm(SMD타입), 비방수형, 길이 1M당 LED 10W, SMPS 12V, 24V (별도구매)",64,c:\Users\skyjw\Downloads\MK12_JPG\MK12_p064.jpg
일반 LED바,063-002-004-500,4500,"커버일체형, 1M",W12×H5mm (커버 장착 시 H10mm),유연성 PCB 타입,,"5mm(SMD타입), 비방수형, 길이 1M당 LED 10W, SMPS 12V, 24V (별도구매)",64,c:\Users\skyjw\Downloads\MK12_JPG\MK12_p064.jpg
LED 레이지바,063-003-009-500,9500,"커버일체형, 1M",W12×H5mm (커버 장착 시 H10mm),8mm COB타입,,"길이 1M당 LED 10W, SMPS 12V, 24V (별도구매)",64,c:\Users\skyjw\Downloads\MK12_JPG\MK12_p064.jpg
코너 LED 레이지바,064-001-013-000,13000,,W16×H16.3mm / LED 부착공간 W105mm,전용 PCB 타입,"3,000K / 4,000K / 5,700K","최대 3m까지 제작(1m 기준 가격), 커버: 확산 PC, 커버: 확산 PC, 현장 A/S 불가, 밀착형 가능",65,c:\Users\skyjw\Downloads\MK12_JPG\MK12_p065.jpg
매입 LED 레이저바,065-001-012-000,12000,,"W12×D10mm, 박스형 너비 W16.5mm, 내벽 너비 W10mm",8mm (COB),,"3M 1회로 12V, 16W, SMPS 12V, 24V (별도 구매), 최대 3m까지 연결 (1구간 제작 가능)",66,c:\Users\skyjw\Downloads\MK12_JPG\MK12_p066.jpg
LED 네온플렉스,075-001-004-500,4500,1M,8(W)×16(H)mm,,,"주광색, 주백색, 전구색, 방수 IP65, 1M당 9W (연결기준 1M 단위 사용), 기본구성: 네온플렉스 + 전원케이블 + 연결커넥터 + 마감캡",76,c:\Users\skyjw\Downloads\MK12_JPG\MK12_p076.jpg
LED 네온플렉스,075-002-195-000,195000,50M (한롤),8(W)×16(H)mm,,,"주광색, 주백색, 전구색, 방수 IP65, 1M당 9W (연결기준 1M 단위 사용), 기본구성: 네온플렉스 + 전원케이블 + 연결커넥터 + 마감캡",76,c:\Users\skyjw\Downloads\MK12_JPG\MK12_p076.jpg
네온플렉스 전원케이블+마감캡 세트,075-003-002-500,2500,,,,,,76,c:\Users\skyjw\Downloads\MK12_JPG\MK12_p076.jpg
네온플렉스 연결캡 (커넥터),075-004-001-500,1500,,,,,,76,c:\Users\skyjw\Downloads\MK12_JPG\MK12_p076.jpg
네온플렉스 고정클립 (브라켓),075-005-000-200,200,,,,,,76,c:\Users\skyjw\Downloads\MK12_JPG\MK12_p076.jpg
초슬림 마그네틱10 레일(바디),081-001-015-900,15900,블랙,W1000×D18×H19mm,DC 12-20V,,,82,c:\Users\skyjw\Downloads\MK12_JPG\MK12_p082.jpg
초슬림 마그네틱10 레일(바디),081-002-031-700,31700,블랙,W1000×D18×H19mm,DC 12-20V,,,82,c:\Users\skyjw\Downloads\MK12_JPG\MK12_p082.jpg
초슬림 마그네틱10 레일(바디),081-003-047-600,47600,블랙,W1000×D18×H19mm,DC 12-20V,,,82,c:\Users\skyjw\Downloads\MK12_JPG\MK12_p082.jpg
초슬림 마그네틱10 ㄱ자 연결바디,082-001-011-900,11900,블랙,,,,,83,c:\Users\skyjw\Downloads\MK12_JPG\MK12_p083.jpg
초슬림 마그네틱10 ㄱ자 코너연결바디,082-002-011-900,11900,블랙,,,,,83,c:\Users\skyjw\Downloads\MK12_JPG\MK12_p083.jpg
초슬림 마그네틱10 더블 전원 연결,082-003-011-900,11900,블랙,,,,,83,c:\Users\skyjw\Downloads\MK12_JPG\MK12_p083.jpg
초슬림 마그네틱10 상급 전원,082-004-008-000,8000,블랙,,,,,83,c:\Users\skyjw\Downloads\MK12_JPG\MK12_p083.jpg
초슬림 마그네틱10 연결 브라켓,082-005-001-600,1600,블랙,,,,,83,c:\Users\skyjw\Downloads\MK12_JPG\MK12_p083.jpg
초슬림 마그네틱10 팬던트 부속,082-006-008-000,8000,블랙,,,,,83,c:\Users\skyjw\Downloads\MK12_JPG\MK12_p083.jpg
초슬림마그네틱10_스포트,083-001-051-700,51700,흑색/900,W900×D15×H36,LED 27W,3000K~5700K,,84,c:\Users\skyjw\Downloads\MK12_JPG\MK12_p084.jpg
초슬림마그네틱10_스포트,083-002-038-500,38500,흑색/600,W900×D15×H36,LED 27W,3000K~5700K,,84,c:\Users\skyjw\Downloads\MK12_JPG\MK12_p084.jpg
초슬림마그네틱10_멀티 스포트,083-003-041-800,41800,펜던트/345,W345×D15×H36,LED 18W,3000K~5700K,,84,c:\Users\skyjw\Downloads\MK12_JPG\MK12_p084.jpg
초슬림마그네틱10_멀티 스포트,083-004-030-800,30800,펜던트/232,W345×D15×H36,LED 18W,3000K~5700K,,84,c:\Users\skyjw\Downloads\MK12_JPG\MK12_p084.jpg
초슬림마그네틱10_슬림 스포트,083-005-038-500,38500,흑색/616,W616×D5×H14,LED 18W,3000K~5700K,,84,c:\Users\skyjw\Downloads\MK12_JPG\MK12_p084.jpg
초슬림마그네틱10_슬림 스포트,083-006-024-200,24200,흑색/316,W616×D5×H14,LED 18W,3000K~5700K,,84,c:\Users\skyjw\Downloads\MK12_JPG\MK12_p084.jpg
초슬림마그네틱10_슬림 멀티 스포트,083-007-033-000,33000,펜던트/216,W216×D5×H14,LED 6W,3000K~5700K,,84,c:\Users\skyjw\Downloads\MK12_JPG\MK12_p084.jpg
초슬림마그네틱10 _ 확산 플러드 12W,084-001-055-000,55000,,W232×D15×H100,LED 12W,3000K~5700K,,85,c:\Users\skyjw\Downloads\MK12_JPG\MK12_p085.jpg
초슬림마그네틱10 _ 확산 플러드 6W,084-002-041-800,41800,,W118×D15×H100,LED 6W,3000K~5700K,,85,c:\Users\skyjw\Downloads\MK12_JPG\MK12_p085.jpg
초슬림마그네틱10 _ 집중 플러드 12W,084-003-055-000,55000,,W232×D15×H100,LED 12W,3000K~5700K,,85,c:\Users\skyjw\Downloads\MK12_JPG\MK12_p085.jpg
초슬림마그네틱10 _ 집중 플러드 6W,084-004-041-800,41800,,W118×D15×H100,LED 6W,3000K~5700K,,85,c:\Users\skyjw\Downloads\MK12_JPG\MK12_p085.jpg
초슬림마그네틱10 _ 플렉시블 30W,084-005-049-500,49500,,W3160×D6×H14,LED 30W,4000K,,85,c:\Users\skyjw\Downloads\MK12_JPG\MK12_p085.jpg
초슬림마그네틱10 _ 플렉시블 20W,084-006-040-700,40700,,W2160×D6×H14,LED 20W,4000K,,85,c:\Users\skyjw\Downloads\MK12_JPG\MK12_p085.jpg
초슬림마그네틱10 _ 플렉시블 10W,084-007-029-700,29700,,W1160×D6×H14,LED 10W,4000K,,85,c:\Users\skyjw\Downloads\MK12_JPG\MK12_p085.jpg
초슬림마그네틱10_원통 스포트,085-001-043-800,43800,블랙,,LED 12W / LED 6W / LED 3W,3000K~5700K,,86,c:\Users\skyjw\Downloads\MK12_JPG\MK12_p086.jpg
초슬림마그네틱10_원통 스포트,085-002-036-300,36300,블랙,,LED 12W / LED 6W / LED 3W,3000K~5700K,,86,c:\Users\skyjw\Downloads\MK12_JPG\MK12_p086.jpg
초슬림마그네틱10_원통 스포트,085-003-030-800,30800,블랙,,LED 12W / LED 6W / LED 3W,3000K~5700K,,86,c:\Users\skyjw\Downloads\MK12_JPG\MK12_p086.jpg
초슬림마그네틱10_원통 직부,085-004-038-500,38500,블랙,50×H57,LED 6W,3000K~5700K,,86,c:\Users\skyjw\Downloads\MK12_JPG\MK12_p086.jpg
초슬림마그네틱10_볼구 G80,085-005-047-300,47300,블랙,80×H85,LED 6W,3000K~5700K,,86,c:\Users\skyjw\Downloads\MK12_JPG\MK12_p086.jpg
초슬림마그네틱10_백라이트 벽등,085-006-033-000,33000,블랙,168×H20,LED 9W,3000K~5700K,,86,c:\Users\skyjw\Downloads\MK12_JPG\MK12_p086.jpg
초슬림마그네틱10_자바라,085-007-033-000,33000,블랙,20×H60,LED 3W,3000K~5700K,,86,c:\Users\skyjw\Downloads\MK12_JPG\MK12_p086.jpg
초슬림마그네틱10_망 직부,085-008-045-100,45100,블랙,95×H30,LED 9W,3000K~5700K,,86,c:\Users\skyjw\Downloads\MK12_JPG\MK12_p086.jpg
초슬림마그네틱10_렌즈형 직부,085-009-045-100,45100,블랙,95×H30,LED 9W,3000K~5700K,,86,c:\Users\skyjw\Downloads\MK12_JPG\MK12_p086.jpg
마그네틱30 레일(바디),087-001-009-800,9800,매입/직부/P/D,,,,"현장 A/S 불가, 맞교환 가능",88,c:\Users\skyjw\Downloads\MK12_JPG\MK12_p088.jpg
마그네틱30 레일(바디),087-002-019-600,19600,매입/직부/P/D,,,,"현장 A/S 불가, 맞교환 가능",88,c:\Users\skyjw\Downloads\MK12_JPG\MK12_p088.jpg
마그네틱30 레일(바디),087-003-029-400,29400,매입/직부/P/D,,,,"현장 A/S 불가, 맞교환 가능",88,c:\Users\skyjw\Downloads\MK12_JPG\MK12_p088.jpg
마그네틱30 ㄱ자 연결바디,088-001-003-300,3300,블랙,,,,,89,c:\Users\skyjw\Downloads\MK12_JPG\MK12_p089.jpg
마그네틱30 ㄱ자 코너바디,088-002-003-300,3300,블랙,,,,,89,c:\Users\skyjw\Downloads\MK12_JPG\MK12_p089.jpg
마그네틱30 T자 연결바디,088-003-005-900,5900,블랙,,,,,89,c:\Users\skyjw\Downloads\MK12_JPG\MK12_p089.jpg
마그네틱30 ㄱ자 전원 연결선,088-004-003-300,3300,블랙,,,,,89,c:\Users\skyjw\Downloads\MK12_JPG\MK12_p089.jpg
마그네틱30 더블ㅡ자 전원 연결선,088-005-003-300,3300,블랙,,,,,89,c:\Users\skyjw\Downloads\MK12_JPG\MK12_p089.jpg
마그네틱30 싱글 외장 전원 연결선,088-006-003-300,3300,블랙,,,,,89,c:\Users\skyjw\Downloads\MK12_JPG\MK12_p089.jpg
마그네틱30 T자 연결선,089-001-006-500,6500,블랙,,,,,90,c:\Users\skyjw\Downloads\MK12_JPG\MK12_p090.jpg
마그네틱30 팬던트용 – 자석 연결부속,089-002-001-000,1000,블랙,,,,,90,c:\Users\skyjw\Downloads\MK12_JPG\MK12_p090.jpg
마그네틱30 팬던트용 자석 와이어,089-003-003-900,3900,블랙,,,,,90,c:\Users\skyjw\Downloads\MK12_JPG\MK12_p090.jpg
"마그네틱30 SMPS 48V (100W, 200W)",089-004-028-600,28600,블랙,,,,,90,c:\Users\skyjw\Downloads\MK12_JPG\MK12_p090.jpg
"마그네틱30 SMPS 48V (100W, 200W)",089-005-037-700,37700,블랙,,,,,90,c:\Users\skyjw\Downloads\MK12_JPG\MK12_p090.jpg
마그네틱30 _ LED 스포트 300 (매입/확장형),090-001-005-200,5200,블랙,L303×W22×H43,LED 10W,"3000K, 4000K",,91,c:\Users\skyjw\Downloads\MK12_JPG\MK12_p091.jpg
마그네틱30 _ LED 스포트 600 (매입/확장형),090-002-007-200,7200,블랙,L604×W22×H43,LED 20W,"3000K, 4000K",,91,c:\Users\skyjw\Downloads\MK12_JPG\MK12_p091.jpg
마그네틱30 _ LED 스포트 900 (매입/확장형),090-003-009-800,9800,블랙,L905×W22×H43,LED 30W,"3000K, 4000K",,91,c:\Users\skyjw\Downloads\MK12_JPG\MK12_p091.jpg
마그네틱30 _ LED 스포트 1200 (매입/확장형),090-004-027-600,27600,블랙,L1207×W22×H43,LED 40W,"3000K, 4000K",,91,c:\Users\skyjw\Downloads\MK12_JPG\MK12_p091.jpg
마그네틱30 _ LED 스포트 ㄱ자 (매입/확장형),090-005-028-000,28000,블랙,L315×W315×H45,LED 20W,"3000K, 4000K",,91,c:\Users\skyjw\Downloads\MK12_JPG\MK12_p091.jpg
마그네틱30_LED 멀티스포트,092-001-003-900,3900,블랙,,LED 6W / 12W / 18W / 24W / 35W / 45W,"3000K, 4000K","DC 48V, SMPS 별도 사용",93,c:\Users\skyjw\Downloads\MK12_JPG\MK12_p093.jpg
마그네틱30_LED 멀티스포트,092-002-005-200,5200,블랙,,LED 6W / 12W / 18W / 24W / 35W / 45W,"3000K, 4000K","DC 48V, SMPS 별도 사용",93,c:\Users\skyjw\Downloads\MK12_JPG\MK12_p093.jpg
마그네틱30_LED 멀티스포트,092-003-006-500,6500,블랙,,LED 6W / 12W / 18W / 24W / 35W / 45W,"3000K, 4000K","DC 48V, SMPS 별도 사용",93,c:\Users\skyjw\Downloads\MK12_JPG\MK12_p093.jpg
마그네틱30_LED 멀티스포트,092-004-007-800,7800,블랙,,LED 6W / 12W / 18W / 24W / 35W / 45W,"3000K, 4000K","DC 48V, SMPS 별도 사용",93,c:\Users\skyjw\Downloads\MK12_JPG\MK12_p093.jpg
마그네틱30_LED 멀티스포트,092-005-009-100,9100,블랙,,LED 6W / 12W / 18W / 24W / 35W / 45W,"3000K, 4000K","DC 48V, SMPS 별도 사용",93,c:\Users\skyjw\Downloads\MK12_JPG\MK12_p093.jpg
마그네틱30_LED 멀티스포트,092-006-018-200,18200,블랙,,LED 6W / 12W / 18W / 24W / 35W / 45W,"3000K, 4000K","DC 48V, SMPS 별도 사용",93,c:\Users\skyjw\Downloads\MK12_JPG\MK12_p093.jpg
마그네틱30_LED 플랫 멀티스포트 6구 (매입/주렁형),093-001-007-800,7800,블랙,L112×D21×H100,LED 6W,"3000K, 4000K",,94,c:\Users\skyjw\Downloads\MK12_JPG\MK12_p094.jpg
마그네틱30_LED 플랫 멀티스포트 12구 (매입/주렁형),093-002-010-400,10400,블랙,L220×D21×H100,LED 12W,"3000K, 4000K",,94,c:\Users\skyjw\Downloads\MK12_JPG\MK12_p094.jpg
마그네틱30_LED 원통 스포트 35 (매입/COB),093-003-009-100,9100,블랙,∅35×D100,LED 7W,"3000K, 4000K",,94,c:\Users\skyjw\Downloads\MK12_JPG\MK12_p094.jpg
마그네틱30_LED 원통 스포트 45 (매입/COB),093-004-009-300,9300,블랙,∅46×D100,LED 12W,"3000K, 4000K",,94,c:\Users\skyjw\Downloads\MK12_JPG\MK12_p094.jpg
마그네틱30_LED 원통 스포트 55 (매입/COB),093-005-010-000,10000,블랙,∅55×D120,LED 20W,"3000K, 4000K",,94,c:\Users\skyjw\Downloads\MK12_JPG\MK12_p094.jpg
마그네틱30_LED 원통 스포트 65 (매입/COB),093-006-015-600,15600,블랙,∅65×D132,LED 30W,"3000K, 4000K",,94,c:\Users\skyjw\Downloads\MK12_JPG\MK12_p094.jpg
마그네틱30_LED 팬던트 40 (매입/COB),093-007-019-500,19500,블랙,∅40×D300,LED 12W,"3000K, 4000K",,94,c:\Users\skyjw\Downloads\MK12_JPG\MK12_p094.jpg
LED 디밍 T5 등기구 300 (5W),096-001-004-500,4500,"주광색, 전구색, 주백색",W325×D22×H34,,,"플리커프리, 디밍 가능 (조광기 미포함)",97,c:\Users\skyjw\Downloads\MK12_JPG\MK12_p097.jpg
LED 디밍 T5 등기구 600 (9W),096-002-005-100,5100,"주광색, 전구색, 주백색",W588×D22×H34,,,"플리커프리, 디밍 가능 (조광기 미포함)",97,c:\Users\skyjw\Downloads\MK12_JPG\MK12_p097.jpg
LED 디밍 T5 등기구 1200 (18W),096-003-005-800,5800,"주광색, 전구색, 주백색",W1188×D22×H34,,,"플리커프리, 디밍 가능 (조광기 미포함)",97,c:\Users\skyjw\Downloads\MK12_JPG\MK12_p097.jpg
LED 백색용 T5 등기구 200,097-001-003-000,3000,"주광색, 전구색, 흑색",L208×D22.5×H35,3W,,"주광색, 전구색, 흑색, KC, 플리커프리",98,c:\Users\skyjw\Downloads\MK12_JPG\MK12_p098.jpg
LED 백색용 T5 등기구 300,097-002-002-800,2800,"주광색, 전구색, 흑색",L315×D22.5×H35,5W,,"주광색, 전구색, 흑색, KC, 플리커프리",98,c:\Users\skyjw\Downloads\MK12_JPG\MK12_p098.jpg
LED 백색용 T5 등기구 400,097-003-002-000,2000,"주광색, 전구색, 흑색",L409×D22.5×H35,7W,,"주광색, 전구색, 흑색, KC, 플리커프리",98,c:\Users\skyjw\Downloads\MK12_JPG\MK12_p098.jpg
LED 백색용 T5 등기구 600,097-004-003-000,3000,"주광색, 전구색, 흑색",L590×D22.5×H35,9W,,"주광색, 전구색, 흑색, KC, 플리커프리",98,c:\Users\skyjw\Downloads\MK12_JPG\MK12_p098.jpg
LED 백색용 T5 등기구 900,097-005-003-200,3200,"주광색, 전구색, 흑색",L890×D22.5×H35,14W,,"주광색, 전구색, 흑색, KC, 플리커프리",98,c:\Users\skyjw\Downloads\MK12_JPG\MK12_p098.jpg
LED 백색용 T5 등기구 1200,097-006-003-300,3300,"주광색, 전구색, 흑색",L1190×D22.5×H35,20W,,"주광색, 전구색, 흑색, KC, 플리커프리",98,c:\Users\skyjw\Downloads\MK12_JPG\MK12_p098.jpg
LED 백색용 T5 등기구 1500,097-007-005-500,5500,"주광색, 전구색, 흑색",L1506×D22.5×H35,24W,,"주광색, 전구색, 흑색, KC, 플리커프리",98,c:\Users\skyjw\Downloads\MK12_JPG\MK12_p098.jpg
LED T5 전원 코드식 스위치형 2P,098-001-002-100,2100,화이트,,,,길이: 1.5M,99,c:\Users\skyjw\Downloads\MK12_JPG\MK12_p099.jpg
LED T5 중간 스위치 2P,098-002-001-100,1100,화이트,W103×D22×H35,,,,99,c:\Users\skyjw\Downloads\MK12_JPG\MK12_p099.jpg
LED T5 마이크로웨이브 센서모듈 (주·야간용),098-003-007-200,7200,"화이트, 주·야간용",W113×D22×H33,,,KC,99,c:\Users\skyjw\Downloads\MK12_JPG\MK12_p099.jpg
렉시움 T5 등박스,099-001-003-500,3500,무광 화이트,,,,"알루미늄, 다이아몬드컷팅, T5 등 호환 시공, 얇은판, T5 등 호환 시공 가능",100,c:\Users\skyjw\Downloads\MK12_JPG\MK12_p100.jpg
렉시움 T5 등박스,099-002-004-500,4500,무광 화이트,,,,"알루미늄, 다이아몬드컷팅, T5 등 호환 시공, 얇은판, T5 등 호환 시공 가능",100,c:\Users\skyjw\Downloads\MK12_JPG\MK12_p100.jpg
LED T5 등기구 300,100-001-005-600,5600,"핑크, 보라, 녹색, 적색",W330×D22.5×H35,5W,,,101,c:\Users\skyjw\Downloads\MK12_JPG\MK12_p101.jpg
LED T5 등기구 300,100-005-005-000,5000,청색,W330×D22.5×H35,5W,,,101,c:\Users\skyjw\Downloads\MK12_JPG\MK12_p101.jpg
LED T5 등기구 600,100-002-005-900,5900,"핑크, 보라, 녹색, 적색",W590×D22.5×H35,9W,,,101,c:\Users\skyjw\Downloads\MK12_JPG\MK12_p101.jpg
LED T5 등기구 600,100-006-005-200,5200,청색,W590×D22.5×H35,9W,,,101,c:\Users\skyjw\Downloads\MK12_JPG\MK12_p101.jpg
LED T5 등기구 900,100-003-006-200,6200,"핑크, 보라, 녹색, 적색",W890×D22.5×H35,13W,,,101,c:\Users\skyjw\Downloads\MK12_JPG\MK12_p101.jpg
LED T5 등기구 900,100-007-005-500,5500,청색,W890×D22.5×H35,13W,,,101,c:\Users\skyjw\Downloads\MK12_JPG\MK12_p101.jpg
LED T5 등기구 1200,100-004-006-400,6400,"핑크, 보라, 녹색, 적색",W1190×D22.5×H35,18W,,,101,c:\Users\skyjw\Downloads\MK12_JPG\MK12_p101.jpg
LED T5 등기구 1200,100-008-005-800,5800,청색,W1190×D22.5×H35,18W,,,101,c:\Users\skyjw\Downloads\MK12_JPG\MK12_p101.jpg
LED T5 트리플 색변환 300,101-001-005-000,5000,"주광색, 전구색, 주백색",W330×D22.5×H35,5W,3색변환 (주광-전구-주백색),플리커프리,102,c:\Users\skyjw\Downloads\MK12_JPG\MK12_p102.jpg
LED T5 트리플 색변환 600,101-002-005-000,5000,"주광색, 전구색, 주백색",W590×D22.5×H35,9W,3색변환 (주광-전구-주백색),플리커프리,102,c:\Users\skyjw\Downloads\MK12_JPG\MK12_p102.jpg
LED T5 트리플 색변환 900,101-003-006-300,6300,"주광색, 전구색, 주백색",W890×D22.5×H35,13W,3색변환 (주광-전구-주백색),플리커프리,102,c:\Users\skyjw\Downloads\MK12_JPG\MK12_p102.jpg
LED T5 트리플 색변환 1200,101-004-006-900,6900,"주광색, 전구색, 주백색",W1190×D22.5×H35,18W,3색변환 (주광-전구-주백색),플리커프리,102,c:\Users\skyjw\Downloads\MK12_JPG\MK12_p102.jpg
LED T5 카시아 300,102-001-004-900,4900,,W315×D26×H37,5W,"5700K, 4000K, 3000K","3P타입, 플리커프리, KS, 고효율",103,c:\Users\skyjw\Downloads\MK12_JPG\MK12_p103.jpg
LED T5 카시아 600,102-002-005-500,5500,,W589×D26×H37,9W,"5700K, 4000K, 3000K","3P타입, 플리커프리, KS, 고효율",103,c:\Users\skyjw\Downloads\MK12_JPG\MK12_p103.jpg
LED T5 카시아 900,102-003-006-200,6200,,W889×D26×H37,14W,"5700K, 4000K, 3000K","3P타입, 플리커프리, KS, 고효율",103,c:\Users\skyjw\Downloads\MK12_JPG\MK12_p103.jpg
LED T5 카시아 1200,102-004-006-800,6800,,W1189×D26×H37,18W,"5700K, 4000K, 3000K","3P타입, 플리커프리, KS, 고효율",103,c:\Users\skyjw\Downloads\MK12_JPG\MK12_p103.jpg
LED T7 삼색변환 레일형,103-001-007-200,7200,"화이트, 블랙",,,,"삼색변환, 플리커프리",104,c:\Users\skyjw\Downloads\MK12_JPG\MK12_p104.jpg
LED T7 삼색변환 레일형,103-002-007-800,7800,"화이트, 블랙",,,,"삼색변환, 플리커프리",104,c:\Users\skyjw\Downloads\MK12_JPG\MK12_p104.jpg
LED T7 삼색변환 레일형,103-003-008-500,8500,"화이트, 블랙",,,,"삼색변환, 플리커프리",104,c:\Users\skyjw\Downloads\MK12_JPG\MK12_p104.jpg
LED T7 삼색변환 레일형,103-004-009-100,9100,"화이트, 블랙",,,,"삼색변환, 플리커프리",104,c:\Users\skyjw\Downloads\MK12_JPG\MK12_p104.jpg
LED T-LINE 레일 등기구 300,104-001-007-800,7800,"주광색, 주백색, 주백색 / 화이트, 블랙",W300×D33×H35,5W,,"플리커프리, KS",105,c:\Users\skyjw\Downloads\MK12_JPG\MK12_p105.jpg
LED T-LINE 레일 등기구 600,104-002-008-400,8400,"주광색, 주백색, 주백색 / 화이트, 블랙",W600×D33×H35,10W,,"플리커프리, KS",105,c:\Users\skyjw\Downloads\MK12_JPG\MK12_p105.jpg
LED T-LINE 레일 등기구 900,104-003-009-000,9000,"주광색, 주백색, 주백색 / 화이트, 블랙",W900×D33×H35,15W,,"플리커프리, KS",105,c:\Users\skyjw\Downloads\MK12_JPG\MK12_p105.jpg
LED T-LINE 레일 등기구 1200,104-004-010-200,10200,"주광색, 주백색, 주백색 / 화이트, 블랙",W1200×D33×H35,20W,,"플리커프리, KS",105,c:\Users\skyjw\Downloads\MK12_JPG\MK12_p105.jpg
T33 직부,105-001-074-400,74400,화이트,,,,"플리커프리, KS",106,c:\Users\skyjw\Downloads\MK12_JPG\MK12_p106.jpg
T33 직부,105-002-015-600,15600,화이트,,,,"플리커프리, KS",106,c:\Users\skyjw\Downloads\MK12_JPG\MK12_p106.jpg
T33 직부,105-003-016-800,16800,화이트,,,,"플리커프리, KS",106,c:\Users\skyjw\Downloads\MK12_JPG\MK12_p106.jpg
T33 직부,105-004-018-900,18900,화이트,,,,"플리커프리, KS",106,c:\Users\skyjw\Downloads\MK12_JPG\MK12_p106.jpg
LED 에코 디밍 데코 멀티 리모컨 매입등 (IOT),106,,화이트,,,,플리커프리,107,c:\Users\skyjw\Downloads\MK12_JPG\MK12_p107.jpg
LED 에코 디밍 데코 멀티 리모컨 매입등 IOT_5구,107-001-029-300,29300,"화이트, 블랙",W160×D57×H34mm (타공: W155×D54×H56),LED 10W,전색온도(6500K~3000K),"좌우 9°15° 각도조절, 디밍, 블루투스, IOT, 플리커프리, KS, 리모컨 별도 구매",108,c:\Users\skyjw\Downloads\MK12_JPG\MK12_p108.jpg
LED 에코 디밍 데코 멀티 리모컨 매입등 IOT_10구,107-002-044-200,44200,"화이트, 블랙",W293×D57×H34mm (타공: W285×D54×H56),LED 20W,전색온도(6500K~3000K),"좌우 9°15° 각도조절, 디밍, 블루투스, IOT, 플리커프리, KS, 리모컨 별도 구매",108,c:\Users\skyjw\Downloads\MK12_JPG\MK12_p108.jpg
스마트 리모컨 (디밍),107-003-010-400,10400,블랙,W43×D15×H142mm,,,"리모컨 제어 거리: 25~15~20m, 리모컨 배터리: 대략 1년 사용 가능, 설치제품: 매입등, 천장등, 펜던트등, IOT, AAA건전지 2개 (건전지 미포함)",108,c:\Users\skyjw\Downloads\MK12_JPG\MK12_p108.jpg
LED 군사각 매입등 5구,111-001-010-500,10500,"블랙, 화이트",W150×D45×H40mm (컷팅: W140×D35×H35),LED 10W,,"KS, 플리커프리",112,c:\Users\skyjw\Downloads\MK12_JPG\MK12_p112.jpg
LED 군사각 매입등 10구,111-002-022-000,22000,"블랙, 화이트",W285×D45×H40mm (컷팅: W275×D35×H35),LED 20W,,플리커프리,112,c:\Users\skyjw\Downloads\MK12_JPG\MK12_p112.jpg
LED 군사각 매입등 15구,111-003-027-000,27000,"블랙, 화이트",W420×D45×H40mm (컷팅: W410×D35×H35),LED 30W,,플리커프리,112,c:\Users\skyjw\Downloads\MK12_JPG\MK12_p112.jpg
LED 아이즈 COB 멀티 매입등 1구,113-001-021-600,21600,"화이트, 블랙",W115×H150,LED 10W,4000K,"각도조절 가능, 플리커프리, KS",114,c:\Users\skyjw\Downloads\MK12_JPG\MK12_p114.jpg
LED 아이즈 COB 멀티 매입등 2구,113-002-038-400,38400,"화이트, 블랙",W210×H150,LED 20W,4000K,"각도조절 가능, 플리커프리, KS",114,c:\Users\skyjw\Downloads\MK12_JPG\MK12_p114.jpg
LED 아이즈 COB 멀티 매입등 3구,113-003-052-800,52800,"화이트, 블랙",W300×H150,LED 30W,4000K,"각도조절 가능, 플리커프리, KS",114,c:\Users\skyjw\Downloads\MK12_JPG\MK12_p114.jpg
LED 코브 멀티 매입등 3구,115-001-016-800,16800,"화이트, 블랙",W100×D40×H44mm (타공: W97×D32),LED 6W,4000K,"플리커프리, KS",116,c:\Users\skyjw\Downloads\MK12_JPG\MK12_p116.jpg
LED 코브 멀티 매입등 5구,115-002-022-800,22800,"화이트, 블랙",W160×D40×H44mm (타공: W152×D32),LED 10W,4000K,"플리커프리, KS",116,c:\Users\skyjw\Downloads\MK12_JPG\MK12_p116.jpg
LED 코브 멀티 매입등 10구,115-003-037-200,37200,"화이트, 블랙",W310×D40×H44mm (타공: W302×D32),LED 20W,4000K,"플리커프리, KS",116,c:\Users\skyjw\Downloads\MK12_JPG\MK12_p116.jpg
LED 큐브박스 매입등 4구 (12W),117-001-027-600,27600,"블랙, 화이트",W90×D90×H54mm (타공: 80),LED 12W,"3000K, 4000K",,118,c:\Users\skyjw\Downloads\MK12_JPG\MK12_p118.jpg
LED 큐브박스 매입등 9구 (27W),117-002-045-600,45600,"블랙, 화이트",W130×D130×H54mm (타공: 120),LED 27W,"3000K, 4000K",,118,c:\Users\skyjw\Downloads\MK12_JPG\MK12_p118.jpg
LED 머그 다운라이트 (DC타입),118-001-004-500,4500,,,,,"주광색, 주백색, 전구색, KS, 플리커프리, 무상A/S 2년",119,c:\Users\skyjw\Downloads\MK12_JPG\MK12_p119.jpg
LED 머그 다운라이트 (DC타입),118-002-004-600,4600,,,,,"주광색, 주백색, 전구색, KS, 플리커프리, 무상A/S 2년",119,c:\Users\skyjw\Downloads\MK12_JPG\MK12_p119.jpg
LED 융폭 3인치 다운라이트,118-003-002-600,2600,,,,,"주광색, 주백색, 전구색, KC, 플리커프리",119,c:\Users\skyjw\Downloads\MK12_JPG\MK12_p119.jpg
LED 에코 어반 다운라이트 (DC타입),118-004-006-500,6500,,,,"6500K, 4000K, 3500K, 3000K","KS, 플리커프리, 무상A/S 1년",119,c:\Users\skyjw\Downloads\MK12_JPG\MK12_p119.jpg
LED 에코 어반 다운라이트 (DC타입),118-005-013-000,13000,,,,"6500K, 4000K, 3500K, 3000K","KS, 플리커프리, 무상A/S 1년",119,c:\Users\skyjw\Downloads\MK12_JPG\MK12_p119.jpg
머그 2인치 (DC),65,,화이트,Ø65×H45mm,,,,121,c:\Users\skyjw\Downloads\MK12_JPG\MK12_p121.jpg
머그 3인치 (DC),85,,화이트,Ø85×H50mm,,,,121,c:\Users\skyjw\Downloads\MK12_JPG\MK12_p121.jpg
움폭 3인치 (DC),85,,화이트,Ø85×H50mm,,,,121,c:\Users\skyjw\Downloads\MK12_JPG\MK12_p121.jpg
에코 어반 4인치 (DC),108,,화이트,Ø108×H65mm,,,,121,c:\Users\skyjw\Downloads\MK12_JPG\MK12_p121.jpg
에코 어반 6인치 (DC),172,,화이트,Ø172×H65mm,,,,121,c:\Users\skyjw\Downloads\MK12_JPG\MK12_p121.jpg
LED 에코 모어 2인치 COB 일체형,122-001-006-800,6800,화이트,70×H60mm (타공 55),LED 5W,"5700K, 4000K, 3000K","KS, 플리커프리, 현장 A/S 1년",123,c:\Users\skyjw\Downloads\MK12_JPG\MK12_p123.jpg
LED 에코 모어 3인치 COB 일체형,122-002-008-800,8800,"화이트, 블랙",84×H60mm (타공 74),LED 7W,"5700K, 4000K, 3000K","KS, 플리커프리, 현장 A/S 1년",123,c:\Users\skyjw\Downloads\MK12_JPG\MK12_p123.jpg
LED 에코 모어 4인치 COB 일체형,122-003-013-000,13000,화이트,110×H60mm (타공 95),LED 12W,"5700K, 4000K, 3000K","KS, 플리커프리, 현장 A/S 1년",123,c:\Users\skyjw\Downloads\MK12_JPG\MK12_p123.jpg
에코 모어 2인치 COB,710,,화이트,Ø70,,,,124,c:\Users\skyjw\Downloads\MK12_JPG\MK12_p124.jpg
에코 모어 3인치 COB,84,,블랙,Ø84,,,,124,c:\Users\skyjw\Downloads\MK12_JPG\MK12_p124.jpg
에코 모어 3인치 COB,74,,타공,Ø84,,,,124,c:\Users\skyjw\Downloads\MK12_JPG\MK12_p124.jpg
에코 모어 4인치 COB,110,,화이트,Ø110,,,,124,c:\Users\skyjw\Downloads\MK12_JPG\MK12_p124.jpg
에코 모어 4인치 COB,95,,타공,Ø110,,,,124,c:\Users\skyjw\Downloads\MK12_JPG\MK12_p124.jpg
삼성디밍 일반 2인치 5W (D타입),124-001-008-200,8200,화이트,"Ø65 (타공 Ø40~Ø45mm, 두께: 55)",LED 5W / 3000K~6500K,,"KS, 플리커프리, 현장 A/S 1년",125,c:\Users\skyjw\Downloads\MK12_JPG\MK12_p125.jpg
삼성디밍 초이스 COB 3인치 7W,124-003-010-000,10000,화이트,"Ø85 (타공 Ø55~Ø60mm, 두께 Ø70~Ø75)",LED COB 7W / 3000K~6500K,,"KS, 플리커프리, 현장 A/S 1년",125,c:\Users\skyjw\Downloads\MK12_JPG\MK12_p125.jpg
삼성디밍 일반 3인치 8W (D타입),124-002-009-100,9100,화이트,"Ø80 (타공 Ø40~Ø45mm, 두께 Ø70~Ø75)",LED 8W / 3000K~6500K,,"KS, 플리커프리, 현장 A/S 1년",125,c:\Users\skyjw\Downloads\MK12_JPG\MK12_p125.jpg
삼성디밍 메탈동 전용 리모컨,124-005-010-000,10000,,,,,"리모컨 1개로 모든 메탈동 제품군 동시 제어, AAA건전지 2개 (별도 구매)",125,c:\Users\skyjw\Downloads\MK12_JPG\MK12_p125.jpg
삼성디밍 6인치 다운라이트 확산 15W (ACE타입),124-004-012-800,12800,화이트,Ø175xH45 (타공 Ø148~Ø150),LED 15W / 3000K~6500K,,"KS, 플리커프리",125,c:\Users\skyjw\Downloads\MK12_JPG\MK12_p125.jpg
에코 뉴크림 2인치 COB,999-999-999-999,999999,"블랙, 화이트",Ø70mm H52mm,,,,128,c:\Users\skyjw\Downloads\MK12_JPG\MK12_p128.jpg
에코 뉴크림 3인치 COB,999-999-999-999,999999,"블랙, 화이트",Ø100mm H65mm,,,,128,c:\Users\skyjw\Downloads\MK12_JPG\MK12_p128.jpg
에코 뉴크림 4인치 COB,999-999-999-999,999999,"블랙, 화이트",Ø120mm H80mm,,,,128,c:\Users\skyjw\Downloads\MK12_JPG\MK12_p128.jpg
LED 핀홀 2인치 COB,128-001-008-500,8500,무광 화이트,Ø60×H55mm,LED 7W,,"주백색, 주광색, 무게타입=플라스틱, 무상A/S 1년",129,c:\Users\skyjw\Downloads\MK12_JPG\MK12_p129.jpg
LED 에코 로얄 3인치 COB 센서,129-001-013-000,13000,무광 화이트,"Ø87×H51mm (타공 Ø74, 매입깊이 54mm)",LED 10W,"5700K, 4000K, 3000K","무타공슬림센서, 센서각도: 약 25도 (약간 사용 가능), 플리커프리, KS, 현장 A/S 1년",130,c:\Users\skyjw\Downloads\MK12_JPG\MK12_p130.jpg
LED 에코 페퍼 3인치 COB 반매입,130-002-011-700,11700,화이트,Ø85×85mm (타공 75),LED 일체형,"5700K, 4000K, 3000K","주광색, 주백색, 전구색, 현장 A/S 1년",131,c:\Users\skyjw\Downloads\MK12_JPG\MK12_p131.jpg
줌소켓 3인치 COB 매입등 130,131-001-024-000,24000,화이트,Ø90×H130,LED COB 9W,"4000K, 3000K","천장 두께 5~18mm, 타공 Ø75, 상하 210º조절, 360º 회전, 집중확산형렌즈",132,c:\Users\skyjw\Downloads\MK12_JPG\MK12_p132.jpg
줌소켓 3인치 COB 매입등 230,131-002-026-400,26400,화이트,Ø90×H180,LED COB 9W,"4000K, 3000K","천장 두께 5~18mm, 타공 Ø75, 상하 210º조절, 360º 회전, 집중확산형렌즈",132,c:\Users\skyjw\Downloads\MK12_JPG\MK12_p132.jpg
램프소 3인치 COB 일체형 8W (DC타입),132-001-011-100,11100,화이트,Ø92×H70,LED COB 8W,"5700K, 4000K, 3000K","반사각도 조절 : 15˚, 30˚, 45˚, 60˚, KS, 현장A/S 1년",133,c:\Users\skyjw\Downloads\MK12_JPG\MK12_p133.jpg
램프소 4인치 COB 일체형 12W (DC타입),132-002-018-200,18200,화이트,Ø115×H75,LED COB 12W,"5700K, 4000K, 3000K","반사각도 조절 : 15˚, 30˚, 45˚, 60˚, KS, 현장A/S 1년",133,c:\Users\skyjw\Downloads\MK12_JPG\MK12_p133.jpg
컴파스 3인치 COB 일체형,092,,"주광색, 주백색, 전구색",Ø92,,,,134,c:\Users\skyjw\Downloads\MK12_JPG\MK12_p134.jpg
컴파스 4인치 COB 일체형,0115,,"주광색, 주백색, 전구색",Ø115,,,,134,c:\Users\skyjw\Downloads\MK12_JPG\MK12_p134.jpg
라이너 3인치 반매입,134-001-019-500,19500,화이트,Ø108×H88,LED 8W,3000K,"화이트, 절삭",135,c:\Users\skyjw\Downloads\MK12_JPG\MK12_p135.jpg
3인치 원형 소프트 COB 반매입 10W,135-001-010-400,10400,"블랙, 화이트","Ø95×H125 (절단홀 Ø90, 플랜지 H12, 타공 Ø75)",LED COB 10W,,"KS, 플리커프리, 현장 A/S 1년 (전선 3M 이상은 현장 A/S가 불가하며, 제품으로만 가능함)",136,c:\Users\skyjw\Downloads\MK12_JPG\MK12_p136.jpg
3인치 확산 다운라이트,136-001-002-300,2300,전구색,Ø90×H35 (타공 Ø75),LED 8W,,"KC, 플리커프리",137,c:\Users\skyjw\Downloads\MK12_JPG\MK12_p137.jpg
3인치 확산 다운라이트,136-002-003-000,3000,주백색,Ø90×H35 (타공 Ø75),LED 8W,,"KC, 플리커프리",137,c:\Users\skyjw\Downloads\MK12_JPG\MK12_p137.jpg
4인치 확산 다운라이트,136-003-003-000,3000,주백색,Ø120×H35 (타공 Ø95),LED 10W,,"KS, 플리커프리, 현장 A/S 1년",137,c:\Users\skyjw\Downloads\MK12_JPG\MK12_p137.jpg
에코 칩형 2인치 다운라이트,136-004-002-600,2600,주백색,Ø70×H26 (타공 Ø55),LED 3W,"6500K, 4000K, 3000K","KS, 플리커프리, 현장 A/S 1년",137,c:\Users\skyjw\Downloads\MK12_JPG\MK12_p137.jpg
6인치 다운라이트,136-005-002-700,2700,주백색,Ø175×H55 (타공 Ø140),LED 15W,,"KS, 플리커프리, 현장 A/S 1년",137,c:\Users\skyjw\Downloads\MK12_JPG\MK12_p137.jpg
6인치 다운라이트,136-006-003-300,3300,주백색,Ø175×H55 (타공 Ø140),LED 20W,,"KS, 플리커프리, 현장 A/S 1년",137,c:\Users\skyjw\Downloads\MK12_JPG\MK12_p137.jpg
6인치 다운라이트,136-007-002-200,2200,주백색,Ø180×H55 (타공 Ø150),LED 15W,,"KS, 플리커프리, 현장 A/S 1년",137,c:\Users\skyjw\Downloads\MK12_JPG\MK12_p137.jpg
AL 6인치 다운라이트,136-008-007-000,7000,주백색,Ø176×H40 (타공 Ø150),LED 15W,,"KS, 고효율, 친환경, 현장 A/S 3년",137,c:\Users\skyjw\Downloads\MK12_JPG\MK12_p137.jpg
에코 7인치 다운라이트,136-009-011-300,11300,주백색,Ø200×H35 (타공 Ø170),LED 31W,"6500K, 4000K, 3000K","KS, 플리커프리, 현장 A/S 1년",137,c:\Users\skyjw\Downloads\MK12_JPG\MK12_p137.jpg
에코 8인치 다운라이트,136-010-012-800,12800,주백색,Ø230×H35 (타공 Ø190),LED 35W,"6500K, 4000K, 3000K","KS, 플리커프리, 현장 A/S 1년",137,c:\Users\skyjw\Downloads\MK12_JPG\MK12_p137.jpg
1.5인치 COB 일체형 3W (DC타입),137-001-005-000,5000,,"Ø45×H38 (타공 Ø36, 깊이 H35)",LED COB 3W,"6500K, 4000K, 3000K","KS, 교체식 1년",138,c:\Users\skyjw\Downloads\MK12_JPG\MK12_p138.jpg
딥프 2인치 COB 일체형 3W (DC타입),137-002-003-400,3400,,"Ø68×H25 (타공 Ø52, 깊이 H20)",LED COB 3W,"주광색, 주백색, 전구색","KS, 플리커프리, 현장 A/S 2년",138,c:\Users\skyjw\Downloads\MK12_JPG\MK12_p138.jpg
딥프 2.5인치 COB 일체형 8W (DC타입),137-003-003-600,3600,,"Ø80×H38 (타공 Ø65, 깊이 H35)",LED COB 8W,"주광색, 주백색, 전구색","KC, 플리커프리, 현장 A/S 2년",138,c:\Users\skyjw\Downloads\MK12_JPG\MK12_p138.jpg
딥프 3인치 COB 일체형 8W (DC타입),137-004-003-900,3900,,"Ø88×H50 (타공 Ø75, 깊이 H45)",LED COB 8W,"주광색, 주백색, 전구색","KS, 플리커프리, 현장 A/S 2년",138,c:\Users\skyjw\Downloads\MK12_JPG\MK12_p138.jpg
메로 초이스 2인치 COB 일체형 3W (DC타입),137-005-004-000,4000,블랙,"Ø68×H22 (타공 Ø54, 깊이 H20)",LED COB 3W,"5700K, 4000K, 3000K","KS, 플리커프리, 현장 A/S 1년",138,c:\Users\skyjw\Downloads\MK12_JPG\MK12_p138.jpg
메로 초이스 2인치 COB 일체형 3W (DC타입),137-005-003-900,3900,화이트,"Ø68×H22 (타공 Ø54, 깊이 H20)",LED COB 3W,"5700K, 4000K, 3000K","KS, 플리커프리, 현장 A/S 1년",138,c:\Users\skyjw\Downloads\MK12_JPG\MK12_p138.jpg
메로 초이스 3인치 COB 일체형 8W (DC타입),137-006-004-100,4100,블랙,"Ø88×H50 (타공 Ø75, 깊이 H45)",LED COB 8W,"5700K, 4000K, 3000K","KS, 플리커프리, 현장 A/S 1년",138,c:\Users\skyjw\Downloads\MK12_JPG\MK12_p138.jpg
메로 초이스 3인치 COB 일체형 8W (DC타입),137-006-003-900,3900,화이트,"Ø88×H50 (타공 Ø75, 깊이 H45)",LED COB 8W,"5700K, 4000K, 3000K","KS, 플리커프리, 현장 A/S 1년",138,c:\Users\skyjw\Downloads\MK12_JPG\MK12_p138.jpg
메로 초이스 4인치 COB 일체형 12W (DC타입),137-009-007-100,7100,블랙,"Ø110×H65 (타공 Ø90, 깊이 H60)",LED COB 12W,"5700K, 4000K, 3500K, 3000K","KS, 플리커프리, 교체식 1년",138,c:\Users\skyjw\Downloads\MK12_JPG\MK12_p138.jpg
메로 초이스 4인치 COB 일체형 12W (DC타입),137-010-007-000,7000,화이트,"Ø110×H65 (타공 Ø90, 깊이 H60)",LED COB 12W,"5700K, 4000K, 3500K, 3000K","KS, 플리커프리, 교체식 1년",138,c:\Users\skyjw\Downloads\MK12_JPG\MK12_p138.jpg
3인치 COB 일체형 5W (IC타입),138-001-002-300,2300,화이트,"Ø90×H30 (타공 Ø75, 깊이 H28)",LED COB 5W,,"주광색, 주백색, 전구색, KS, 플리커프리, 현장A/S 2년",139,c:\Users\skyjw\Downloads\MK12_JPG\MK12_p139.jpg
에코 3인치 COB 5W (ACE타입),138-002-002-700,2700,"블랙, 화이트","Ø90×H28 (타공 Ø75, 깊이 H28)",LED COB 5W,"5700K, 4000K, 3000K","KS, 플리커프리, 현장A/S 1년",139,c:\Users\skyjw\Downloads\MK12_JPG\MK12_p139.jpg
에코 3인치 일체형 5W DC타입 (화이트),138-003-003-500,3500,화이트,Ø85×H30 (타공 Ø75),LED 5W,"5700K, 4000K, 3000K","KS, 플리커프리, 현장A/S 1년",139,c:\Users\skyjw\Downloads\MK12_JPG\MK12_p139.jpg
"3인치 일체형 5W DC타입 (블랙, 실버)",138-004-003-500,3500,"블랙, 실버",Ø85×H30 (타공 Ø75),LED 5W,"5700K, 4000K, 3000K","KS, 플리커프리, 현장A/S 1년",139,c:\Users\skyjw\Downloads\MK12_JPG\MK12_p139.jpg
"3인치 사각 일체형 7W (T-Type) (블랙, 화이트)",138-005-002-700,2700,"블랙, 화이트",W90×D90×H40 (타공 W75×D75),LED 7W,"6500K, 4000K, 3000K","KS, 플리커프리, 현장A/S 1년",139,c:\Users\skyjw\Downloads\MK12_JPG\MK12_p139.jpg
SMT 다운라이트 2구 10W (ACE타입),138-006-004-200,4200,화이트,"W185×D105×H37.4 (타공 Ø75, 간격 87mm)",LED 10W,"6500K, 4000K, 3000K","삼성칩, KC, 무상교환 1년",139,c:\Users\skyjw\Downloads\MK12_JPG\MK12_p139.jpg
SMT 다운라이트 3구 10W (ACE타입),138-007-006-200,6200,화이트,"W272×D105×H37.4 (타공 Ø75, 간격 87mm)",LED 15W,"6500K, 4000K, 3000K","삼성칩, KC, 무상교환 1년",139,c:\Users\skyjw\Downloads\MK12_JPG\MK12_p139.jpg
에코 3인치 다운라이트 센서용 7W (IC타입),139-001-006-500,6500,화이트,f100×33 (타공 f80),LED 7W,"6500K, 4000K, 3000K","플리커프리, 현장A/S 1년",140,c:\Users\skyjw\Downloads\MK12_JPG\MK12_p140.jpg
에코 4인치 다운라이트 센서용 9W (IC타입),139-002-007-600,7600,화이트,f115×33 (타공 f90),LED 9W,"6500K, 4000K, 3000K","플리커프리, 현장A/S 1년",140,c:\Users\skyjw\Downloads\MK12_JPG\MK12_p140.jpg
라운 3인치 다운 방습등 5W (AC타입),139-003-001-700,1700,화이트,"f90×H30 (타공 f75, 매입깊이 35mm)",LED 5W,"6500K, 4000K, 3000K","KC, 현장A/S 1년",140,c:\Users\skyjw\Downloads\MK12_JPG\MK12_p140.jpg
라운 4인치 다운 방습등 9W (AC타입),139-004-002-000,2000,화이트,"f120×H30 (타공 f100, 매입깊이 35mm)",LED 9W,"6500K, 4000K, 3000K","KC, 현장A/S 1년",140,c:\Users\skyjw\Downloads\MK12_JPG\MK12_p140.jpg
라운 5인치 다운 방습등 12W (AC타입),139-005-002-400,2400,화이트,"f145×H30 (타공 f125, 매입깊이 35mm)",LED 12W,"6500K, 4000K, 3000K","KC, 현장A/S 1년",140,c:\Users\skyjw\Downloads\MK12_JPG\MK12_p140.jpg
6인치 다운라이트 15W (함침전용),139-006-003-000,3000,화이트,f175×H55 (타공 f140),LED 15W,,"주광색, 주백색, 현장A/S 1년",140,c:\Users\skyjw\Downloads\MK12_JPG\MK12_p140.jpg
6인치 슬림 매입 다운라이트 12W (사각),139-007-006-900,6900,화이트,W172×D172×H10 (타공 W150×D150),LED 12W,"5700K, 4000K, 3000K","KS, 플리커프리, 현장A/S 1년",140,c:\Users\skyjw\Downloads\MK12_JPG\MK12_p140.jpg
렉시움 팬토닉 실링팬,A01,,메이우드,,,,,141,c:\Users\skyjw\Downloads\MK12_JPG\MK12_p141.jpg
렉시움 팬토닉 실링팬,S01,,화이트,,,,,141,c:\Users\skyjw\Downloads\MK12_JPG\MK12_p141.jpg
팬토닉 S01 실링팬,141-001-150-000,150000,화이트/애쉬우드,"W1070 (42인치)×H170mm, W1320 (52인치)×H170mm",,,"90W, 회전속도(고속/저속) 230/130RPM, 소비전력 30W, 17cm 저소음, 5단 풍속조절, BLDC모터, ABS, KC, 현장 A/S 2년, 리모컨 포함",142,c:\Users\skyjw\Downloads\MK12_JPG\MK12_p142.jpg
팬토닉 A01 실링팬,141-003-150-000,150000,화이트/애쉬우드,"W1070 (42인치)×H170mm, W1320 (52인치)×H170mm",,,"90W, 회전속도(고속/저속) 230/130RPM, 소비전력 30W, 17cm 저소음, 5단 풍속조절, BLDC모터, ABS, KC, 현장 A/S 2년, 리모컨 포함",142,c:\Users\skyjw\Downloads\MK12_JPG\MK12_p142.jpg
팬토닉 실링팬 조명키트,141-005-012-000,12000,삼색변환가능 (LED 20W),,LED 20W,,,142,c:\Users\skyjw\Downloads\MK12_JPG\MK12_p142.jpg
디앤 삼색디밍 실링팬,145-001-106-600,106600,화이트,W1230×H180,,,"리모컨 포함, 맞교환 A/S 1년",146,c:\Users\skyjw\Downloads\MK12_JPG\MK12_p146.jpg
하이 실링팬,146-001-087-100,87100,화이트,W1320×H165,,,"전용리모컨, 날개길이: 14.5cm, 천장부터제품까지의거리: 16.5cm, BLDC모터(무소음&초절전), 6단계풍속조절, 리모컨포함, 무상A/S1년",147,c:\Users\skyjw\Downloads\MK12_JPG\MK12_p147.jpg
하이 실링팬,146-002-106-800,106800,우드,W1320×H165,,,"전용리모컨, 날개길이: 14.5cm, 천장부터제품까지의거리: 16.5cm, BLDC모터(무소음&초절전), 6단계풍속조절, 리모컨포함, 무상A/S1년",147,c:\Users\skyjw\Downloads\MK12_JPG\MK12_p147.jpg
코벳 실링팬,147-001-165-000,165000,블랙,W1170×H190,,,"리모컨 포함, 무상A/S 1년",148,c:\Users\skyjw\Downloads\MK12_JPG\MK12_p148.jpg
더 이지 슬림 엣지 1240×310,149-001-070-000,70000,,W1240×D310×H23,LED 50W,"5700K, 4000K","삼성칩, 국산, KS",150,c:\Users\skyjw\Downloads\MK12_JPG\MK12_p150.jpg
더 이지 슬림 엣지 1240×200,149-002-063-000,63000,,W1240×D200×H23,LED 50W,"5700K, 4000K","삼성칩, 국산, KS",150,c:\Users\skyjw\Downloads\MK12_JPG\MK12_p150.jpg
더 이지 슬림 엣지 700×400,149-003-059-000,59000,,W700×D400×H23,LED 50W,"5700K, 4000K","삼성칩, 국산, KS",150,c:\Users\skyjw\Downloads\MK12_JPG\MK12_p150.jpg
더 이지 슬림 엣지 620×200,149-004-048-000,48000,,W620×D200×H23,LED 25W,"5700K, 4000K","삼성칩, 국산, KS",150,c:\Users\skyjw\Downloads\MK12_JPG\MK12_p150.jpg
더 이지 슬림 엣지 520×520,149-006-055-000,55000,,W520×D520×H23,LED 40W,"5700K, 4000K","삼성칩, 국산, KS",150,c:\Users\skyjw\Downloads\MK12_JPG\MK12_p150.jpg
더 이지 슬림 엣지 620×620,149-005-066-000,66000,,W620×D620×H23,LED 50W,"5700K, 4000K","삼성칩, 국산, KS",150,c:\Users\skyjw\Downloads\MK12_JPG\MK12_p150.jpg
더 이지 슬림 엣지 400×400,149-007-053-000,53000,,W400×D400×H23,LED 25W,"5700K, 4000K","삼성칩, 국산, KS",150,c:\Users\skyjw\Downloads\MK12_JPG\MK12_p150.jpg
슬림 직하 면조명 (무타공),151-001-017-100,17100,,W1280×D320×H27,LED 50W,"5700K, 4000K, 3000K","플리커프리, KS",152,c:\Users\skyjw\Downloads\MK12_JPG\MK12_p152.jpg
슬림 직하 면조명 (무타공),151-002-018-600,18600,,W1280×D180×H27,LED 50W,"5700K, 4000K, 3000K","플리커프리, KS",152,c:\Users\skyjw\Downloads\MK12_JPG\MK12_p152.jpg
슬림 직하 면조명 (무타공),151-003-016-800,16800,,W640×D320×H27,LED 50W,"5700K, 4000K, 3000K","플리커프리, KS",152,c:\Users\skyjw\Downloads\MK12_JPG\MK12_p152.jpg
슬림 직하 면조명 (무타공),151-004-016-800,16800,,W640×D180×H27,LED 25W,"5700K, 4000K, 3000K","플리커프리, KS",152,c:\Users\skyjw\Downloads\MK12_JPG\MK12_p152.jpg
슬림 직하 면조명 (무타공),151-005-017-100,17100,,W640×D640×H27,LED 50W,"5700K, 4000K, 3000K","플리커프리, KS",152,c:\Users\skyjw\Downloads\MK12_JPG\MK12_p152.jpg
슬림 직하 면조명 (무타공),151-006-018-600,18600,,W540×D540×H27,LED 50W,"5700K, 4000K, 3000K","플리커프리, KS",152,c:\Users\skyjw\Downloads\MK12_JPG\MK12_p152.jpg
슬림 직하 면조명 (무타공),151-007-018-600,18600,,W450×D450×H27,LED 40W,"5700K, 4000K, 3000K","플리커프리, KS",152,c:\Users\skyjw\Downloads\MK12_JPG\MK12_p152.jpg
스마트 EZ-1 거실등 720×420,153-001-037-800,37800,화이트,W720×D420×H40,LED 50W,"5700K, 4000K, 3000K","DC, 플리커프리, KS",154,c:\Users\skyjw\Downloads\MK12_JPG\MK12_p154.jpg
스마트 EZ-1 거실등 720×420,153-002-040-200,40200,리모컨타입,W720×D420×H40,LED 50W,"5700K, 4000K, 3000K","DC, 플리커프리, KS",154,c:\Users\skyjw\Downloads\MK12_JPG\MK12_p154.jpg
스마트 EZ-1 방등 640×640,153-003-037-800,37800,화이트,W640×D640×H40,LED 50W,"5700K, 4000K, 3000K","DC, 플리커프리, KS",154,c:\Users\skyjw\Downloads\MK12_JPG\MK12_p154.jpg
스마트 EZ-1 방등 640×640,153-004-040-200,40200,리모컨타입,W640×D640×H40,LED 50W,"5700K, 4000K, 3000K","DC, 플리커프리, KS",154,c:\Users\skyjw\Downloads\MK12_JPG\MK12_p154.jpg
스마트 EZ-1 방등 540×540,153-005-033-000,33000,화이트,W540×D540×H40,LED 25W,"5700K, 4000K, 3000K","DC, 플리커프리, KS",154,c:\Users\skyjw\Downloads\MK12_JPG\MK12_p154.jpg
스마트 EZ-1 방등 540×540,153-006-035-400,35400,리모컨타입,W540×D540×H40,LED 25W,"5700K, 4000K, 3000K","DC, 플리커프리, KS",154,c:\Users\skyjw\Downloads\MK12_JPG\MK12_p154.jpg
스마트 EZ-1 주방등 640×180,153-008-024-600,24600,화이트,W640×D180×H40,LED 25W,"5700K, 4000K, 3000K","DC, 플리커프리, KS",154,c:\Users\skyjw\Downloads\MK12_JPG\MK12_p154.jpg
스마트 EZ-1 원형 방등 600,153-007-043-200,43200,리모컨타입,Ø600×H77,LED 50W,3000K~5700K,"DC, 플리커프리, KS",154,c:\Users\skyjw\Downloads\MK12_JPG\MK12_p154.jpg
스마트 직하 엣지 거실등6,155-001-097-500,97500,,W720×D1260×H35,LED 150W,6500K,,156,c:\Users\skyjw\Downloads\MK12_JPG\MK12_p156.jpg
스마트 직하 엣지 거실4등,155-002-062-400,62400,,W720×D840×H35,LED 100W,6500K,,156,c:\Users\skyjw\Downloads\MK12_JPG\MK12_p156.jpg
스마트 직하 엣지 거실2등,155-003-029-900,29900,,W720×D420×H35,LED 50W,6500K,,156,c:\Users\skyjw\Downloads\MK12_JPG\MK12_p156.jpg
스마트 직하 엣지 주방2등,155-004-029-900,29900,,W1285×D180×H35,LED 50W,6500K,,156,c:\Users\skyjw\Downloads\MK12_JPG\MK12_p156.jpg
스마트 직하 엣지 주방1등,155-005-023-400,23400,,W640×D180×H35,LED 25W,6500K,,156,c:\Users\skyjw\Downloads\MK12_JPG\MK12_p156.jpg
스마트 직하 엣지 방등 640,155-006-040-300,40300,,W640×D640×H35,LED 50W,6500K,,156,c:\Users\skyjw\Downloads\MK12_JPG\MK12_p156.jpg
스마트 직하 엣지 방등 540,155-007-029-900,29900,,W540×D540×H35,LED 50W,6500K,,156,c:\Users\skyjw\Downloads\MK12_JPG\MK12_p156.jpg
에코 슬림엣지 직부 1280x320,157-001-029-300,29300,화이트,W1280×D320×H25,LED 50W,"5700K, 4000K","플리커프리, KS",158,c:\Users\skyjw\Downloads\MK12_JPG\MK12_p158.jpg
에코 슬림엣지 직부 1280x180,157-002-029-300,29300,화이트,W1280×D180×H25,LED 50W,"5700K, 4000K","플리커프리, KS",158,c:\Users\skyjw\Downloads\MK12_JPG\MK12_p158.jpg
에코 슬림엣지 직부 640x320,157-003-022-800,22800,화이트,W640×D320×H25,LED 25W,"5700K, 4000K","플리커프리, KS",158,c:\Users\skyjw\Downloads\MK12_JPG\MK12_p158.jpg
에코 슬림엣지 직부 640x180,157-004-020-200,20200,화이트,W640×D180×H25,LED 25W,"5700K, 4000K","플리커프리, KS",158,c:\Users\skyjw\Downloads\MK12_JPG\MK12_p158.jpg
에코 슬림엣지 직부 640x640,157-005-029-300,29300,화이트,W640×D640×H25,LED 50W,"5700K, 4000K","플리커프리, KS",158,c:\Users\skyjw\Downloads\MK12_JPG\MK12_p158.jpg
에코 슬림엣지 직부 540x540,157-006-028-000,28000,화이트,W540×D540×H25,LED 50W,"5700K, 4000K","플리커프리, KS",158,c:\Users\skyjw\Downloads\MK12_JPG\MK12_p158.jpg
에코 슬림엣지 직부 320x320,157-007-017-600,17600,화이트,W320×D320×H25,LED 18W,5700K,"플리커프리, KS",158,c:\Users\skyjw\Downloads\MK12_JPG\MK12_p158.jpg
에코 슬림엣지 직부 브라켓,,,별도구매,634.5×100mm / 534.5×100mm / 314.5×100mm / 174.5×100mm,,,,158,c:\Users\skyjw\Downloads\MK12_JPG\MK12_p158.jpg
에코 슬림 직하엣지(AC) 1290×320,158-001-013-800,13800,화이트,W1290×D320,LED 50W,5700K,"플리커프리, KC",159,c:\Users\skyjw\Downloads\MK12_JPG\MK12_p159.jpg
에코 슬림 직하엣지(AC) 1290×230,158-002-013-800,13800,화이트,W1290×D230,LED 50W,5700K,"플리커프리, KC",159,c:\Users\skyjw\Downloads\MK12_JPG\MK12_p159.jpg
에코 슬림 직하엣지(AC) 640×640,158-003-013-800,13800,화이트,W640×D640,LED 50W,5700K,"플리커프리, KC",159,c:\Users\skyjw\Downloads\MK12_JPG\MK12_p159.jpg
에코 슬림 직하엣지(AC) 540×540,158-004-013-200,13200,화이트,W540×D540,LED 50W,5700K,"플리커프리, KC",159,c:\Users\skyjw\Downloads\MK12_JPG\MK12_p159.jpg
에코 슬림 직하엣지(AC) 640×320,158-005-012-000,12000,화이트,W640×D320,LED 50W,5700K,"플리커프리, KC",159,c:\Users\skyjw\Downloads\MK12_JPG\MK12_p159.jpg
에코 슬림 직하엣지(AC) 640×230,158-006-011-400,11400,화이트,W640×D230,LED 25W,5700K,"플리커프리, KC",159,c:\Users\skyjw\Downloads\MK12_JPG\MK12_p159.jpg
더라이트 엣지 직부 1280×320,159-001-040-800,40800,,W1280×D320×H23,LED 50W,"5700K, 4000K","KS, 고효율, 친환경, 플리커프리",160,c:\Users\skyjw\Downloads\MK12_JPG\MK12_p160.jpg
더라이트 엣지 직부 1280×180,159-002-040-800,40800,,W1280×D180×H23,LED 40W,"5700K, 4000K","KS, 고효율, 친환경, 플리커프리",160,c:\Users\skyjw\Downloads\MK12_JPG\MK12_p160.jpg
더라이트 엣지 직부 640×320,159-003-032-500,32500,,W640×D320×H23,LED 25W,"5700K, 4000K","KS, 고효율, 친환경, 플리커프리",160,c:\Users\skyjw\Downloads\MK12_JPG\MK12_p160.jpg
더라이트 엣지 직부 640×180,159-004-030-000,30000,,W640×D180×H23,LED 25W,"5700K, 4000K","KS, 고효율, 친환경, 플리커프리",160,c:\Users\skyjw\Downloads\MK12_JPG\MK12_p160.jpg
더라이트 엣지 직부 640×640,159-005-040-800,40800,,W640×D640×H23,LED 50W,"5700K, 4000K","KS, 고효율, 친환경, 플리커프리",160,c:\Users\skyjw\Downloads\MK12_JPG\MK12_p160.jpg
더라이트 엣지 직부 520×520,159-006-039-600,39600,,W520×D520×H23,LED 40W,"5700K, 4000K","KS, 고효율, 친환경, 플리커프리",160,c:\Users\skyjw\Downloads\MK12_JPG\MK12_p160.jpg
팬지아 담파 T바 평판등,160-001-021-500,21500,600×600,,LED 50W,5700K,"플리커프리, KS, 현장 A/S 2년",161,c:\Users\skyjw\Downloads\MK12_JPG\MK12_p161.jpg
팬지아 담파 T바 평판등,160-002-021-500,21500,1200×300,,LED 50W,5700K,"플리커프리, KS, 현장 A/S 2년",161,c:\Users\skyjw\Downloads\MK12_JPG\MK12_p161.jpg
페라2 M바 평판등,160-003-020-200,20200,640×640,,LED 50W,5700K,"플리커프리, KS, 현장 A/S 2년",161,c:\Users\skyjw\Downloads\MK12_JPG\MK12_p161.jpg
페라2 M바 평판등,160-004-020-200,20200,1285×320,,LED 50W,5700K,"플리커프리, KS, 현장 A/S 2년",161,c:\Users\skyjw\Downloads\MK12_JPG\MK12_p161.jpg
에코 제니아 디밍 거실6등,164-001-107-900,107900,화이트,W1155×D595×H80,LED 225W,6500K~3000K,"리모컨 포함, 디밍, 삼색변환, 플리커프리, 삼성칩, KS",165,c:\Users\skyjw\Downloads\MK12_JPG\MK12_p165.jpg
에코 제니아 디밍 거실4등,164-002-074-100,74100,화이트,W730×D595×H80,LED 150W,6500K~3000K,"리모컨 포함, 디밍, 삼색변환, 플리커프리, 삼성칩, KS",165,c:\Users\skyjw\Downloads\MK12_JPG\MK12_p165.jpg
에코 제니아 디밍 거실2등,164-003-024-700,24700,화이트,W695×D345×H64,LED 75W,6500K~3000K,"리모컨 포함, 디밍, 삼색변환, 플리커프리, 삼성칩, KS",165,c:\Users\skyjw\Downloads\MK12_JPG\MK12_p165.jpg
에코 제니아 디밍 방등,164-004-020-800,20800,화이트,W500×D500×H66,LED 75W,6500K~3000K,"리모컨 포함, 디밍, 삼색변환, 플리커프리, 삼성칩, KC",165,c:\Users\skyjw\Downloads\MK12_JPG\MK12_p165.jpg
에코 제니아 디밍 주방2등,164-005-028-600,28600,화이트,W1177×D160×H75,LED 75W,6500K~3000K,"리모컨 포함, 디밍, 삼색변환, 플리커프리, 삼성칩, KC",165,c:\Users\skyjw\Downloads\MK12_JPG\MK12_p165.jpg
에코 제니아 디밍 주방1등,164-006-019-500,19500,화이트,W650×D158×H71,LED 50W,6500K~3000K,"리모컨 포함, 디밍, 삼색변환, 플리커프리, 삼성칩, KC",165,c:\Users\skyjw\Downloads\MK12_JPG\MK12_p165.jpg
에코 뉴이스트 디밍 거실등,166-001-162-500,162500,"블랙, 화이트",W1215×D575×H85,LED 225W,삼색변환 (6500K~3000K),"리모컨 포함, 디밍, 삼색변환, 플리커프리, 삼성칩, KS",167,c:\Users\skyjw\Downloads\MK12_JPG\MK12_p167.jpg
에코 뉴이스트 디밍 거실등,166-002-122-900,122900,"블랙, 화이트",W795×D575×H85,LED 150W,삼색변환 (6500K~3000K),"리모컨 포함, 디밍, 삼색변환, 플리커프리, 삼성칩, KS",167,c:\Users\skyjw\Downloads\MK12_JPG\MK12_p167.jpg
에코 뉴이스트 디밍 거실등,166-003-052-000,52000,화이트,W710×D380×H60,LED 75W,삼색변환 (6500K~3000K),"리모컨 포함, 디밍, 삼색변환, 플리커프리, 삼성칩, KC",167,c:\Users\skyjw\Downloads\MK12_JPG\MK12_p167.jpg
에코 뉴이스트 디밍 방등,167-001-041-600,41600,화이트,W530×D530×H60,LED 75W,삼색변환 (6500K~3000K),"리모컨 포함, 디밍, 플리커프리, 삼성칩, KC",168,c:\Users\skyjw\Downloads\MK12_JPG\MK12_p168.jpg
에코 뉴이스트 디밍 주방2등,167-002-041-600,41600,화이트,W1200×D165×H64,LED 50W,삼색변환 (6500K~3000K),"디밍, 상향조절, 플리커프리, 삼성칩, KC",168,c:\Users\skyjw\Downloads\MK12_JPG\MK12_p168.jpg
에코 뉴이스트 디밍 주방1등,167-003-035-100,35100,화이트,W703×D167×H70,LED 30W,삼색변환 (6500K~3000K),"디밍, 상향조절, 플리커프리, 삼성칩, KC",168,c:\Users\skyjw\Downloads\MK12_JPG\MK12_p168.jpg
에코 뉴이스트 사각 직부등,167-004-017-600,17600,화이트,W245×D245×H55,LED 15W,6500K,"삼색시간 조절, 플리커프리, 삼성칩, KC",168,c:\Users\skyjw\Downloads\MK12_JPG\MK12_p168.jpg
에코 뉴이스트 사각 센서등,167-005-019-500,19500,화이트,W245×D245×H55,LED 15W,6500K,"삼색시간 조절, 플리커프리, 삼성칩, KC",168,c:\Users\skyjw\Downloads\MK12_JPG\MK12_p168.jpg
리츠 거실6등 방등,168-001-089-700,89700,,W1000×D700×H60,LED 150W,6500K,"플리커프리, DC, 삼성칩, KS",169,c:\Users\skyjw\Downloads\MK12_JPG\MK12_p169.jpg
리츠 거실4등 방등,168-002-059-800,59800,,W700×D700×H60,LED 120W,6500K,"플리커프리, DC, 삼성칩, KS",169,c:\Users\skyjw\Downloads\MK12_JPG\MK12_p169.jpg
리츠 방등,168-003-028-600,28600,,W500×D500×H60,LED 50W,6500K,"플리커프리, DC, 삼성칩, KS",169,c:\Users\skyjw\Downloads\MK12_JPG\MK12_p169.jpg
리츠 주방등,168-004-031-200,31200,,W1180×D160×H60,LED 50W,6500K,"플리커프리, DC, 삼성칩, KS",169,c:\Users\skyjw\Downloads\MK12_JPG\MK12_p169.jpg
리츠 주방1등,168-005-022-100,22100,,W640×D160×H60,LED 25W,6500K,"플리커프리, DC, 삼성칩, KS",169,c:\Users\skyjw\Downloads\MK12_JPG\MK12_p169.jpg
"아루 거실등6등, 180W",170-001-089-000,89000,,W1180×D650×H45,LED 180W,6500K,"현장 A/S 1년, 안정기 무상출고 1년",171,c:\Users\skyjw\Downloads\MK12_JPG\MK12_p171.jpg
"아루 거실4등, 120W",170-002-065-000,65000,,W720×D650×H45,LED 120W,6500K,"현장 A/S 1년, 안정기 무상출고 1년",171,c:\Users\skyjw\Downloads\MK12_JPG\MK12_p171.jpg
"아루 거실2등, 60W",170-003-026-000,26000,,W350×D650×H40,LED 60W,6500K,"현장 A/S 1년, 안정기 무상출고 1년",171,c:\Users\skyjw\Downloads\MK12_JPG\MK12_p171.jpg
"아루 거실등 양판, 120W",170-004-060-000,60000,,W705×D675×H40,LED 120W,6500K,"현장 A/S 1년, 안정기 무상출고 1년",171,c:\Users\skyjw\Downloads\MK12_JPG\MK12_p171.jpg
이루 방등 60W,171-001-022-000,22000,,W505×D505×H40,LED 60W,6500K,,172,c:\Users\skyjw\Downloads\MK12_JPG\MK12_p172.jpg
이루 주방등2등 60W,171-002-027-000,27000,,W1190×D160×H40,LED 60W,6500K,,172,c:\Users\skyjw\Downloads\MK12_JPG\MK12_p172.jpg
이루 주방1등 30W,171-003-020-000,20000,,W650×D160×H40,LED 30W,6500K,,172,c:\Users\skyjw\Downloads\MK12_JPG\MK12_p172.jpg
시스템 거실 6등 180W,172-001-062-000,62000,화이트 (무타공),W1150×D650×H45,LED 180W,6500K,"DC타입, 플리커프리, KC",173,c:\Users\skyjw\Downloads\MK12_JPG\MK12_p173.jpg
시스템 거실 4등 120W,172-002-047-000,47000,화이트 (무타공),W750×D650×H45,LED 120W,6500K,"DC타입, 플리커프리, KC",173,c:\Users\skyjw\Downloads\MK12_JPG\MK12_p173.jpg
시스템 거실 2등 60W,172-003-015-000,15000,화이트 (무타공),W350×D650×H45,LED 60W,6500K,"DC타입, 플리커프리, KC",173,c:\Users\skyjw\Downloads\MK12_JPG\MK12_p173.jpg
시스템 방등 60W,172-004-012-000,12000,화이트 (무타공),W500×D500×H45,LED 60W,6500K,"DC타입, 플리커프리, KC",173,c:\Users\skyjw\Downloads\MK12_JPG\MK12_p173.jpg
시스템 주방2등 60W,172-005-018-000,18000,화이트 (무타공),W1180×D175×H60,LED 60W,6500K,"DC타입, 플리커프리, KC",173,c:\Users\skyjw\Downloads\MK12_JPG\MK12_p173.jpg
시스템 주방1등 30W,172-006-013-400,13400,화이트 (무타공),W650×D175×H60,LED 30W,6500K,"DC타입, 플리커프리, KC",173,c:\Users\skyjw\Downloads\MK12_JPG\MK12_p173.jpg
시스템 직각 센서 (5700K),172-007-011-700,11700,화이트 (무타공),W250×D250×H50,LED 15W,5700K,"DC타입, KC, 1:1맞교환A/S",173,c:\Users\skyjw\Downloads\MK12_JPG\MK12_p173.jpg
시스템 직각 확투 (5700K),172-008-010-000,10000,화이트 (무타공),W250×D250×H50,LED 15W,5700K,"DC타입, KC, 1:1맞교환A/S",173,c:\Users\skyjw\Downloads\MK12_JPG\MK12_p173.jpg
블랙 클래식 거실6등,173-001-104-700,104700,블랙 (무타공),W1170×D700×H65,LED 180W,6500K,,174,c:\Users\skyjw\Downloads\MK12_JPG\MK12_p174.jpg
블랙 클래식 거실4등,173-002-070-200,70200,블랙 (무타공),W735×D700×H65,LED 120W,6500K,,174,c:\Users\skyjw\Downloads\MK12_JPG\MK12_p174.jpg
블랙 클래식 거실2등,173-003-029-300,29300,블랙 (무타공),W350×D700×H65,LED 60W,6500K,,174,c:\Users\skyjw\Downloads\MK12_JPG\MK12_p174.jpg
블랙 클래식 방등,173-004-025-000,25000,블랙 (무타공),W500×D500×H65,LED 60W,6500K,,174,c:\Users\skyjw\Downloads\MK12_JPG\MK12_p174.jpg
블랙 클래식 주방2등,173-005-028-600,28600,블랙 (무타공),W1188×D160×H65,LED 60W,6500K,,174,c:\Users\skyjw\Downloads\MK12_JPG\MK12_p174.jpg
블랙 클래식 주방1등,173-006-019-500,19500,블랙 (무타공),W637×D160×H65,LED 30W,6500K,,174,c:\Users\skyjw\Downloads\MK12_JPG\MK12_p174.jpg
블랙 클래식 사각 센서,173-007-011-700,11700,블랙 (무타공),W250×D250×H60,LED 15W,6500K,1:1 맞교환 A/S,174,c:\Users\skyjw\Downloads\MK12_JPG\MK12_p174.jpg
블랙 클래식 사각 직부,173-008-010-000,10000,블랙 (무타공),W250×D250×H60,LED 15W,6500K,1:1 맞교환 A/S,174,c:\Users\skyjw\Downloads\MK12_JPG\MK12_p174.jpg
클래식 타공 거실등6,174-001-106-000,106000,화이트 (타공),W1170×D700×H65,LED 180W,6500K,,175,c:\Users\skyjw\Downloads\MK12_JPG\MK12_p175.jpg
클래식 타공 거실등4,174-002-071-500,71500,화이트 (타공),W735×D700×H65,LED 120W,6500K,,175,c:\Users\skyjw\Downloads\MK12_JPG\MK12_p175.jpg
클래식 타공 거실등2,174-003-029-900,29900,화이트 (타공),W350×D700×H65,LED 60W,6500K,,175,c:\Users\skyjw\Downloads\MK12_JPG\MK12_p175.jpg
클래식 타공 방등,174-004-025-400,25400,화이트 (타공),W500×D500×H65,LED 60W,6500K,,175,c:\Users\skyjw\Downloads\MK12_JPG\MK12_p175.jpg
클래식 타공 주방등2,174-005-029-300,29300,화이트 (타공),W1188×D160×H65,LED 60W,6500K,,175,c:\Users\skyjw\Downloads\MK12_JPG\MK12_p175.jpg
클래식 타공 주방1등,174-006-020-200,20200,화이트 (타공),W637×D160×H65,LED 30W,6500K,,175,c:\Users\skyjw\Downloads\MK12_JPG\MK12_p175.jpg
클래식 타공 센서,174-007-012-400,12400,화이트 (타공),W250×D250×H60,LED 15W,6500K,1:1교환A/S,175,c:\Users\skyjw\Downloads\MK12_JPG\MK12_p175.jpg
클래식 타공 직부,174-008-011-000,11000,화이트 (타공),W250×D250×H60,LED 15W,6500K,1:1교환A/S,175,c:\Users\skyjw\Downloads\MK12_JPG\MK12_p175.jpg
포스 거실 6등,175-001-109-100,109100,,W1100×D650×H60,LED 150W,6500K,KC,176,c:\Users\skyjw\Downloads\MK12_JPG\MK12_p176.jpg
포스 거실 4등,175-002-072-200,72200,,W720×D650×H60,LED 100W,6500K,KC,176,c:\Users\skyjw\Downloads\MK12_JPG\MK12_p176.jpg
포스 거실 2등,175-003-030-800,30800,,W350×D650×H60,LED 50W,6500K,KC,176,c:\Users\skyjw\Downloads\MK12_JPG\MK12_p176.jpg
포스 방등,175-004-030-100,30100,,W500×D500×H60,LED 50W,6500K,KC,176,c:\Users\skyjw\Downloads\MK12_JPG\MK12_p176.jpg
포스 주방 2등,175-005-032-300,32300,,W1190×D160×H40,LED 30W,6500K,KC,176,c:\Users\skyjw\Downloads\MK12_JPG\MK12_p176.jpg
포스 주방 1등,175-006-023-900,23900,,W650×D160×H40,LED 30W,6500K,KC,176,c:\Users\skyjw\Downloads\MK12_JPG\MK12_p176.jpg
뉴시스템 거실6등,176-001-075-400,75400,,W1116×D650×H45,LED 150W,6500K,KS,177,c:\Users\skyjw\Downloads\MK12_JPG\MK12_p177.jpg
뉴시스템 거실4등,176-002-049-400,49400,,W740×D650×H45,LED 100W,6500K,KS,177,c:\Users\skyjw\Downloads\MK12_JPG\MK12_p177.jpg
뉴시스템 거실2등,176-003-018-900,18900,,W650×D350×H45,LED 50W,6500K,KS,177,c:\Users\skyjw\Downloads\MK12_JPG\MK12_p177.jpg
뉴시스템 방등,176-004-015-600,15600,,W500×D500×H45,LED 50W,6500K,KS,177,c:\Users\skyjw\Downloads\MK12_JPG\MK12_p177.jpg
뉴시스템 주방2등,176-005-018-900,18900,,W1200×D180×H45,LED 50W,6500K,KS,177,c:\Users\skyjw\Downloads\MK12_JPG\MK12_p177.jpg
뉴시스템 주방1등,176-006-014-300,14300,,W600×D180×H45,LED 25W,6500K,KS,177,c:\Users\skyjw\Downloads\MK12_JPG\MK12_p177.jpg
히트 거실 6등,177-001-111-800,111800,,W1150×D700×H50,LED 150W,6500K,,178,c:\Users\skyjw\Downloads\MK12_JPG\MK12_p178.jpg
히트 거실 4등,177-002-074-100,74100,,W730×D700×H50,LED 100W,6500K,,178,c:\Users\skyjw\Downloads\MK12_JPG\MK12_p178.jpg
히트 거실 2등,177-003-031-600,31600,,W710×D380×H40,LED 50W,6500K,,178,c:\Users\skyjw\Downloads\MK12_JPG\MK12_p178.jpg
히트 사각 방등,177-004-030-500,30500,,W530×D530×H40,LED 50W,6500K,,178,c:\Users\skyjw\Downloads\MK12_JPG\MK12_p178.jpg
히트 주방 2등,177-005-034-000,34000,,W1200×D160×H40,LED 50W,6500K,,178,c:\Users\skyjw\Downloads\MK12_JPG\MK12_p178.jpg
히트 주방 1등,177-006-022-300,22300,,W700×D160×H40,LED 25W,6500K,,178,c:\Users\skyjw\Downloads\MK12_JPG\MK12_p178.jpg
블라디 거실 6등,178-001-081-600,81600,,W1080×D630×H70,LED 180W,6500K,,179,c:\Users\skyjw\Downloads\MK12_JPG\MK12_p179.jpg
블라디 거실 4등,178-002-056-400,56400,,W700×D620×H70,LED 120W,6500K,,179,c:\Users\skyjw\Downloads\MK12_JPG\MK12_p179.jpg
블라디 방등 (50W),178-003-016-800,16800,,W480×D480×H65,LED 50W,6500K,,179,c:\Users\skyjw\Downloads\MK12_JPG\MK12_p179.jpg
블라디 방등 (60W),178-004-025-200,25200,,W480×D480×H65,LED 60W,6500K,,179,c:\Users\skyjw\Downloads\MK12_JPG\MK12_p179.jpg
블라디 주방 2등,178-005-027-600,27600,,W1200×D260×H80,LED 60W,6500K,,179,c:\Users\skyjw\Downloads\MK12_JPG\MK12_p179.jpg
블라디 주방 1등,178-006-021-600,21600,,W600×D260×H80,LED 25W,6500K,,179,c:\Users\skyjw\Downloads\MK12_JPG\MK12_p179.jpg
나우 원형 방등,179-001-020-400,20400,,Ø485×H70,LED 55W,6500K,,180,c:\Users\skyjw\Downloads\MK12_JPG\MK12_p180.jpg
나우 리모컨 사각 방등,179-002-028-800,28800,,W485×D485×H70,LED 60W,6500K,"플리커프리, 전원변환, 밝기조절, 리모컨 포함",180,c:\Users\skyjw\Downloads\MK12_JPG\MK12_p180.jpg
엣지솔 거실6등 (2+2+2),180-001-218-400,218400,6500K,W1010×D670×H50,LED 150W,"6500K, 4000K",,181,c:\Users\skyjw\Downloads\MK12_JPG\MK12_p181.jpg
엣지솔 거실6등 (2+2+2),180-001-231-600,231600,4000K,W1010×D670×H50,LED 150W,"6500K, 4000K",,181,c:\Users\skyjw\Downloads\MK12_JPG\MK12_p181.jpg
엣지솔 거실4등 (2+2),180-002-146-300,146300,6500K,W630×D655×H50,LED 100W,"6500K, 4000K",,181,c:\Users\skyjw\Downloads\MK12_JPG\MK12_p181.jpg
엣지솔 거실4등 (2+2),180-002-154-300,154300,4000K,W630×D655×H50,LED 100W,"6500K, 4000K",,181,c:\Users\skyjw\Downloads\MK12_JPG\MK12_p181.jpg
엣지솔 거실2등,180-003-062-300,62300,6500K,W335×D680×H48,LED 50W,"6500K, 4000K",,181,c:\Users\skyjw\Downloads\MK12_JPG\MK12_p181.jpg
엣지솔 거실2등,180-003-070-400,70400,4000K,W335×D680×H48,LED 50W,"6500K, 4000K",,181,c:\Users\skyjw\Downloads\MK12_JPG\MK12_p181.jpg
엣지솔 원형 방등 620,180-004-109-800,109800,6500K,Ø620×H48,LED 80W,"6500K, 4000K",,181,c:\Users\skyjw\Downloads\MK12_JPG\MK12_p181.jpg
엣지솔 원형 방등 620,180-004-118-000,118000,4000K,Ø620×H48,LED 80W,"6500K, 4000K",,181,c:\Users\skyjw\Downloads\MK12_JPG\MK12_p181.jpg
엣지솔 원형 방등 520,180-005-069-100,69100,6500K,Ø520×H48,LED 66W,"6500K, 4000K",,181,c:\Users\skyjw\Downloads\MK12_JPG\MK12_p181.jpg
엣지솔 원형 방등 520,180-005-077-300,77300,4000K,Ø520×H48,LED 66W,"6500K, 4000K",,181,c:\Users\skyjw\Downloads\MK12_JPG\MK12_p181.jpg
엣지솔 거실 920,181-001-199-100,199100,6500K,W920×D920×H48,LED 200W,"6500K, 4000K",,182,c:\Users\skyjw\Downloads\MK12_JPG\MK12_p182.jpg
엣지솔 거실 920,181-001-211-300,211300,4000K,W920×D920×H48,LED 200W,"6500K, 4000K",,182,c:\Users\skyjw\Downloads\MK12_JPG\MK12_p182.jpg
엣지솔 거실 720,181-002-130-000,130000,6500K,W720×D720×H48,LED 100W,"6500K, 4000K",,182,c:\Users\skyjw\Downloads\MK12_JPG\MK12_p182.jpg
엣지솔 거실 720,181-002-138-100,138100,4000K,W720×D720×H48,LED 100W,"6500K, 4000K",,182,c:\Users\skyjw\Downloads\MK12_JPG\MK12_p182.jpg
엣지솔 거실 620,181-003-097-500,97500,6500K,W620×D620×H48,LED 80W,"6500K, 4000K",,182,c:\Users\skyjw\Downloads\MK12_JPG\MK12_p182.jpg
엣지솔 거실 620,181-003-105-700,105700,4000K,W620×D620×H48,LED 80W,"6500K, 4000K",,182,c:\Users\skyjw\Downloads\MK12_JPG\MK12_p182.jpg
엣지솔 방등,181-004-056-200,56200,6500K,W480×D480×H48,LED 50W,"6500K, 4000K",,182,c:\Users\skyjw\Downloads\MK12_JPG\MK12_p182.jpg
엣지솔 방등,181-004-059-600,59600,4000K,W480×D480×H48,LED 50W,"6500K, 4000K",,182,c:\Users\skyjw\Downloads\MK12_JPG\MK12_p182.jpg
엣지솔 주방등2,181-005-062-300,62300,6500K,W970×D230×H48,LED 50W,"6500K, 4000K",,182,c:\Users\skyjw\Downloads\MK12_JPG\MK12_p182.jpg
엣지솔 주방등2,181-005-070-500,70500,4000K,W970×D230×H48,LED 50W,"6500K, 4000K",,182,c:\Users\skyjw\Downloads\MK12_JPG\MK12_p182.jpg
엣지솔 주방1등,181-006-043-300,43300,6500K,W500×D230×H48,LED 25W,"6500K, 4000K",,182,c:\Users\skyjw\Downloads\MK12_JPG\MK12_p182.jpg
엣지솔 주방1등,181-006-046-100,46100,4000K,W500×D230×H48,LED 25W,"6500K, 4000K",,182,c:\Users\skyjw\Downloads\MK12_JPG\MK12_p182.jpg
LED 에코 디밍 보이 뉴라인 원형 방등,182-001-041-600,41600,화이트 무광,Ø490×H91,LED 75W,6500K~3000K,"KS, 플리커프리, 삼성칩, 리모컨 포함, 현장 A/S 1년",183,c:\Users\skyjw\Downloads\MK12_JPG\MK12_p183.jpg
LED 에코 디밍 리프 뉴라인 원형 방등,182-002-041-600,41600,화이트 무광,Ø520×D510×H91,LED 75W,6500K~3000K,"KS, 플리커프리, 삼성칩, 리모컨 포함, 현장 A/S 1년",183,c:\Users\skyjw\Downloads\MK12_JPG\MK12_p183.jpg
LED 필레체 원형 직부,183-001-048-800,48800,화이트,Ø410×H45,LED 40W,4000K,"화이트, 설치+연결, 무상A/S 1년",184,c:\Users\skyjw\Downloads\MK12_JPG\MK12_p184.jpg
LED 필레체 사각 직부,183-002-048-800,48800,화이트,W410×D410×H45,LED 40W,4000K,"화이트, 설치+연결, 무상A/S 1년",184,c:\Users\skyjw\Downloads\MK12_JPG\MK12_p184.jpg
LED 골드우 거실등6S,184-001-278-100,278100,블랙 골드,W1150×D700×H70,LED 190W,6500K+4000K,,185,c:\Users\skyjw\Downloads\MK12_JPG\MK12_p185.jpg
LED 골드우 거실등4S,184-002-183-100,183100,블랙 골드,W750×D700×H70,LED 125W,6500K+4000K,,185,c:\Users\skyjw\Downloads\MK12_JPG\MK12_p185.jpg
LED 골드우 거실등2S,184-003-099-800,99800,블랙 골드,W350×D700×H70,LED 50W,6500K+4000K,,185,c:\Users\skyjw\Downloads\MK12_JPG\MK12_p185.jpg
LED 크로우 방등,185-001-099-800,99800,"블랙, 골드",W500×D500×H85,LED 50W,6500K+4000K,,186,c:\Users\skyjw\Downloads\MK12_JPG\MK12_p186.jpg
LED 크로우 주방등,185-002-099-800,99800,"블랙, 골드",W1050×D180×H85,LED 50W,6500K/4000K,,186,c:\Users\skyjw\Downloads\MK12_JPG\MK12_p186.jpg
LED 라인 스퀘어 거실등,185-001-214-500,214500,"블랙, 골드",W800×D800×H95,LED 125W,6500K+4000K,,187,c:\Users\skyjw\Downloads\MK12_JPG\MK12_p187.jpg
LED 라인 스퀘어 방등,186-002-113-100,113100,"블랙, 골드",W600×D600×H95,LED 70W,6500K+4000K,,187,c:\Users\skyjw\Downloads\MK12_JPG\MK12_p187.jpg
LED 라인 레이어우 거실등,187-001-214-500,214500,블랙,W910×D210×H95,LED 125W,6500K+4000K,,188,c:\Users\skyjw\Downloads\MK12_JPG\MK12_p188.jpg
LED 라인 레이어우 방등,187-002-106-600,106600,"블랙, 골드",W580×D540×H95,LED 65W,6500K+4000K,,188,c:\Users\skyjw\Downloads\MK12_JPG\MK12_p188.jpg
LED 필리스 거실등,188-001-266-400,266400,화이트+블랙,W1060×D760×H95,LED 250W,6500K+4000K,,189,c:\Users\skyjw\Downloads\MK12_JPG\MK12_p189.jpg
LED 필리스 방등 (대),188-002-109-800,109800,화이트+블랙,W600×D600×H95,LED 100W,6500K+4000K,,189,c:\Users\skyjw\Downloads\MK12_JPG\MK12_p189.jpg
LED 필리스 방등,188-003-076-600,76600,화이트+블랙,W530×D530×H75,LED 50W,6500K+3000K,,189,c:\Users\skyjw\Downloads\MK12_JPG\MK12_p189.jpg
LED 루체웨이 거실등,189-001-202-800,202800,화이트,W1100×D620×H100,LED 100W,6500K+3000K,,190,c:\Users\skyjw\Downloads\MK12_JPG\MK12_p190.jpg
LED 루체웨이 방등 50W,189-002-093-600,93600,샴페인,W560×D560×H100,LED 50W,6500K+3000K,,190,c:\Users\skyjw\Downloads\MK12_JPG\MK12_p190.jpg
LED 다온 거실등,189-001-165-500,165500,화이트,Ø800×H80,LED 120W,6500K+3000K,,190,c:\Users\skyjw\Downloads\MK12_JPG\MK12_p190.jpg
LED 다온 방등,189-002-066-000,66000,화이트,Ø510×H80,LED 60W,6500K+3000K,,190,c:\Users\skyjw\Downloads\MK12_JPG\MK12_p190.jpg
LED 피아노 10등,190-001-312-000,312000,화이트,W1350×D725×H90,LED 230W,6500K + 4000K,,191,c:\Users\skyjw\Downloads\MK12_JPG\MK12_p191.jpg
LED 피아노 8등,190-002-253-500,253500,화이트,W1070×D725×H90,LED 200W,6500K + 4000K,,191,c:\Users\skyjw\Downloads\MK12_JPG\MK12_p191.jpg
LED 피아노 6등,190-003-195-000,195000,화이트,W790×D725×H90,LED 130W,6500K + 4000K,,191,c:\Users\skyjw\Downloads\MK12_JPG\MK12_p191.jpg
LED 피아노 4등,190-004-107-900,107900,화이트,W550×D550×H90,LED 100W,6500K + 4000K,,191,c:\Users\skyjw\Downloads\MK12_JPG\MK12_p191.jpg
LED 에비 6등,191-001-185-900,185900,화이트,W840×D590×H100,LED 130W,6500K+4000K,KC,192,c:\Users\skyjw\Downloads\MK12_JPG\MK12_p192.jpg
LED 에비 4등,191-002-113-100,113100,화이트,W690×D570×H100,LED 80W,6500K+4000K,KC,192,c:\Users\skyjw\Downloads\MK12_JPG\MK12_p192.jpg
LED 모나 사각 거실 7등,192-001-218-400,218400,블랙,W1100×D600×H85,LED 130W,6500K+4000K,"블랙, 골드, KC",193,c:\Users\skyjw\Downloads\MK12_JPG\MK12_p193.jpg
LED 모나 사각 거실 7등,192-002-223-600,223600,골드,W1100×D600×H85,LED 130W,6500K+4000K,"블랙, 골드, KC",193,c:\Users\skyjw\Downloads\MK12_JPG\MK12_p193.jpg
LED 모나 사각 거실 4등,192-003-110-500,110500,블랙,W600×D600×H85,LED 80W,6500K+4000K,"블랙, 골드, KC",193,c:\Users\skyjw\Downloads\MK12_JPG\MK12_p193.jpg
LED 모나 사각 거실 4등,192-004-114-400,114400,골드,W600×D600×H85,LED 80W,6500K+4000K,"블랙, 골드, KC",193,c:\Users\skyjw\Downloads\MK12_JPG\MK12_p193.jpg
LED 모나 사각 방등,193-001-091-000,91000,블랙,W600×D600×H100,LED 50W,6500K+4000K,"블랙 코드, KC",194,c:\Users\skyjw\Downloads\MK12_JPG\MK12_p194.jpg
LED 모나 사각 방등,193-002-094-000,94000,골드,W600×D600×H100,LED 50W,6500K+4000K,"블랙 코드, KC",194,c:\Users\skyjw\Downloads\MK12_JPG\MK12_p194.jpg
LED 모나 원형 방등,193-003-079-300,79300,골드,Ø600×H80,LED 50W,6500K+4000K,"골드, KC",194,c:\Users\skyjw\Downloads\MK12_JPG\MK12_p194.jpg
LED 뉴플랜 거실등,194-001-253-500,253500,"블랙, 골드",W1130×D700×H80,LED 130W,6500K+4000K,KC,195,c:\Users\skyjw\Downloads\MK12_JPG\MK12_p195.jpg
LED 뉴플랜 방등,194-002-123-500,123500,"블랙, 골드",W600×D600×H80,LED 75W,6500K+4000K,KC,195,c:\Users\skyjw\Downloads\MK12_JPG\MK12_p195.jpg
LED 뉴클럽 P/D,195-001-110-500,110500,"블랙, 화이트",W800×D200×H800,LED 80W,6500K+4000K,KC,196,c:\Users\skyjw\Downloads\MK12_JPG\MK12_p196.jpg
로코 거실6등,196-001-292-100,292100,,W1200×D730×H80,LED 150W(주광색) + 50W(전구색),,,197,c:\Users\skyjw\Downloads\MK12_JPG\MK12_p197.jpg
로코 거실4등,196-002-201-300,201300,,W720×D730×H80,LED 100W(주광색) + 50W(전구색),,,197,c:\Users\skyjw\Downloads\MK12_JPG\MK12_p197.jpg
로코 원형 방등,196-003-120-800,120800,,Ø600×H80,LED 50W(주광색) + 30W(전구색),,,197,c:\Users\skyjw\Downloads\MK12_JPG\MK12_p197.jpg
로코 주방2등,196-004-128-800,128800,,W1200×D250×H80,LED 50W(주광색) + 30W(전구색),,,197,c:\Users\skyjw\Downloads\MK12_JPG\MK12_p197.jpg
트윙클 거실6등,197-001-287-500,287500,,W1100×D750×H80,LED 150W(주광색) + 50W(전구색),,,198,c:\Users\skyjw\Downloads\MK12_JPG\MK12_p198.jpg
트윙클 거실4등,197-002-201-300,201300,,W740×D750×H80,LED 100W(주광색) + 50W(전구색),,,198,c:\Users\skyjw\Downloads\MK12_JPG\MK12_p198.jpg
트윙클 방등,197-003-120-800,120800,,W650×D650×H80,LED 50W(주광색) + 30W(전구색),,,198,c:\Users\skyjw\Downloads\MK12_JPG\MK12_p198.jpg
트윙클 주방2등,197-004-120-800,120800,,W1110×D240×H80,LED 50W(주광색) + 30W(전구색),,,198,c:\Users\skyjw\Downloads\MK12_JPG\MK12_p198.jpg
꿈꾸는 토끼 방등,198-002-074-400,74400,화이트(무광),Ø460×H70,LED 75W (리모컨포함),,,199,c:\Users\skyjw\Downloads\MK12_JPG\MK12_p199.jpg
잠자는 토끼 방등,198-002-074-400,74400,화이트(무광),Ø460×H70,LED 75W (리모컨포함),,,199,c:\Users\skyjw\Downloads\MK12_JPG\MK12_p199.jpg
LED 다문 원형 방등 (달별),199-001-053-200,53200,,Ø500×H80,LED 50W,4000K+3000K,,200,c:\Users\skyjw\Downloads\MK12_JPG\MK12_p200.jpg
LED 돌고래 원형 방등,199-002-053-200,53200,,Ø500×H80,LED 50W,4000K+3000K,,200,c:\Users\skyjw\Downloads\MK12_JPG\MK12_p200.jpg
LED 곰돌이 P/D,200-001-030-000,30000,,W260×D60×H150,LED 7W,4000K,,201,c:\Users\skyjw\Downloads\MK12_JPG\MK12_p201.jpg
LED 돌고래 P/D,200-002-030-000,30000,,W260×D80×H145,LED 7W,4000K,,201,c:\Users\skyjw\Downloads\MK12_JPG\MK12_p201.jpg
LED 구름 1등 P/D,201-001-086-400,86400,화이트,W550×H360,LED 40W,4000K,,202,c:\Users\skyjw\Downloads\MK12_JPG\MK12_p202.jpg
LED 미니 구름 1등 P/D,201-002-042-000,42000,화이트,W300×D200×H110,LED 20W,4000K,,202,c:\Users\skyjw\Downloads\MK12_JPG\MK12_p202.jpg
LED 미키 P/D,201-003-067-200,67200,와인 블랙,Ø260×H255,LED 18W,4000K,,202,c:\Users\skyjw\Downloads\MK12_JPG\MK12_p202.jpg
조생달 1등 P/D,201-004-033-500,33500,"블루, 핑크",W240×H265,E26×1,,,202,c:\Users\skyjw\Downloads\MK12_JPG\MK12_p202.jpg
LED 무지개 방등,202-001-093-600,93600,화이트,W600×S90×H85,LED 50W,6500K+4000K,삼성칩,203,c:\Users\skyjw\Downloads\MK12_JPG\MK12_p203.jpg
LED 구름 방등 大 70W,202-002-097-500,97500,화이트,W600×D390×H120,LED 70W,6500K+4000K,삼성칩,203,c:\Users\skyjw\Downloads\MK12_JPG\MK12_p203.jpg
LED 구름 방등,202-003-094-800,94800,"화이트, 핑크골드",W520×D240×H80,LED 60W,6500K+4000K,,203,c:\Users\skyjw\Downloads\MK12_JPG\MK12_p203.jpg
LED 루 클라우드 방등,202-004-096-000,96000,"골드, 핑크, 블루",W700×D500×H85,LED 50W,6500K+4000K,,203,c:\Users\skyjw\Downloads\MK12_JPG\MK12_p203.jpg
LED 스타 방등,203-001-091-000,91000,화이트,W600×D580×H95,LED 50W,6500K+4000K,KC,204,c:\Users\skyjw\Downloads\MK12_JPG\MK12_p204.jpg
LED 별별 방등,203-002-094-800,94800,화이트,W587×D571×H105,LED 50W,6500K+3000K,"KS, 오스람",204,c:\Users\skyjw\Downloads\MK12_JPG\MK12_p204.jpg
LED 달별 방등,203-003-081-600,81600,화이트,W620×D580×H90,LED 50W,6500K+3000K,"KS, 오스람",204,c:\Users\skyjw\Downloads\MK12_JPG\MK12_p204.jpg
LED 은하수 투톤 방등,203-004-077-800,77800,화이트,Ø480×H100,LED 50W,,LG,204,c:\Users\skyjw\Downloads\MK12_JPG\MK12_p204.jpg
LED 스타리스타 방등,203-005-098-400,98400,화이트+골드,W700×D450×H85,LED 50W,6500K+4000K,KS,204,c:\Users\skyjw\Downloads\MK12_JPG\MK12_p204.jpg
LED 무드문 방등,203-006-098-400,98400,화이트+골드,Ø600×H85,LED 50W,6500K+4000K,KS,204,c:\Users\skyjw\Downloads\MK12_JPG\MK12_p204.jpg
LED 파스텔 비행기 방등 70W,204-001-996-200,996200,화이트,W560×D510×H80,LED 70W,6500K+4000K,KS,205,c:\Users\skyjw\Downloads\MK12_JPG\MK12_p205.jpg
LED 파스텔 비행기 방등 70W,204-002-998-800,998800,"핑크, 블루",W560×D510×H80,LED 70W,6500K+4000K,KS,205,c:\Users\skyjw\Downloads\MK12_JPG\MK12_p205.jpg
LED 토이즈 방등,205-001-104-000,104000,"블랙, 화이트",Ø600×H80,LED 75W,6500K+4000K,KS,206,c:\Users\skyjw\Downloads\MK12_JPG\MK12_p206.jpg
LED 토이즈 방등,205-002-107-900,107900,"핑크, 블루",Ø600×H80,LED 75W,6500K+4000K,KS,206,c:\Users\skyjw\Downloads\MK12_JPG\MK12_p206.jpg
LED 토이즈 방등,205-003-113-100,113100,골드,Ø600×H80,LED 75W,6500K+4000K,KS,206,c:\Users\skyjw\Downloads\MK12_JPG\MK12_p206.jpg
기린 5등 직부,206-001-106-800,106800,"화이트, 핑크, 블루",W550×D575×H465,E26×5,,우드스넥,207,c:\Users\skyjw\Downloads\MK12_JPG\MK12_p207.jpg
기린 1등 벽등,206-002-015-600,15600,"화이트, 핑크, 블루",W140×D90×H210,E17×1 (별매),,,207,c:\Users\skyjw\Downloads\MK12_JPG\MK12_p207.jpg
티라노 5등 직부,207-001-106-800,106800,"화이트, 핑크, 블루",Ø550×H465,E26×5,,,208,c:\Users\skyjw\Downloads\MK12_JPG\MK12_p208.jpg
티라노 1등 벽등,207-002-015-600,15600,"화이트, 핑크, 민트그린",W140×D90×H180,E17×1 (별도구매),,,208,c:\Users\skyjw\Downloads\MK12_JPG\MK12_p208.jpg
LED 게인 12등 P/D,208-001-206-000,206000,"레드, 그린",W580×H340,LED 48W,4000K,,209,c:\Users\skyjw\Downloads\MK12_JPG\MK12_p209.jpg
LED 게인 8등 P/D,208-002-150-000,150000,"레드, 그린",W390×H340,LED 32W,4000K,,209,c:\Users\skyjw\Downloads\MK12_JPG\MK12_p209.jpg
LED 심플라인 P/D (터치형딤타입),209-001-066-000,66000,"화이트, 블랙",W1000×D43×H35,LED 30W,"3000K, 4000K, 5700K",,210,c:\Users\skyjw\Downloads\MK12_JPG\MK12_p210.jpg
LED 루라인 P/D,210-001-055-200,55200,"화이트, 블랙",W1000×D40×H40,LED 50W,4000K,,211,c:\Users\skyjw\Downloads\MK12_JPG\MK12_p211.jpg
LED UT-707 P/D,211-001-074-400,74400,화이트,W1200×D90×H20,LED 50W,4000K,"화이트, 민트, 다크우드",212,c:\Users\skyjw\Downloads\MK12_JPG\MK12_p212.jpg
LED UT-707 P/D,211-002-082-800,82800,민트,W1200×D90×H20,LED 50W,4000K,"화이트, 민트, 다크우드",212,c:\Users\skyjw\Downloads\MK12_JPG\MK12_p212.jpg
LED UT-707 P/D,211-003-994-800,994800,다크우드,W1200×D90×H20,LED 50W,4000K,"화이트, 민트, 다크우드",212,c:\Users\skyjw\Downloads\MK12_JPG\MK12_p212.jpg
LED 마더쉽 P/D,212-001-091-200,91200,원목,W1200×H60 (줄길이 1500),LED 30W,4000K,,213,c:\Users\skyjw\Downloads\MK12_JPG\MK12_p213.jpg
LED 카일로 P/D,213-001-200-200,200200,우드,W1800×D97×H55,LED 60W,4000K,,214,c:\Users\skyjw\Downloads\MK12_JPG\MK12_p214.jpg
LED 베니스 P/D,213-002-192-000,192000,월넛,W1200×D97×H55,LED 30W,6500K,,214,c:\Users\skyjw\Downloads\MK12_JPG\MK12_p214.jpg
LED 베니스 P/D,213-003-192-000,192000,체리,W1200×D97×H55,LED 30W,6500K,,214,c:\Users\skyjw\Downloads\MK12_JPG\MK12_p214.jpg
LED 체인지 P/D,214-001-067-200,67200,"화이트, 블랙",W1000×D40×H170,LED 40W,4000K,,215,c:\Users\skyjw\Downloads\MK12_JPG\MK12_p215.jpg
LED 헤일리 P/D,215-001-056-300,56300,화이트,W1120×D150×H150,LED 40W,4000K,,216,c:\Users\skyjw\Downloads\MK12_JPG\MK12_p216.jpg
LED 실루엣 P/D,216-001-052-300,52300,화이트,W900×D50×H290,LED 40W,4000K,,217,c:\Users\skyjw\Downloads\MK12_JPG\MK12_p217.jpg
LED 하모니 P/D,216-002-049-400,49400,화이트,W1000×D40×H300,LED 40W,4000K,,217,c:\Users\skyjw\Downloads\MK12_JPG\MK12_p217.jpg
LED 기둥 P/D,217-001-082-700,82700,화이트,W900×D130×H130,,4000K,"50W, 스틸+아크릴",218,c:\Users\skyjw\Downloads\MK12_JPG\MK12_p218.jpg
레버 P/D,217-002-066-300,66300,크롬색,W1098×H685,E26×1,,KC,218,c:\Users\skyjw\Downloads\MK12_JPG\MK12_p218.jpg
LED 대복합5니 P/D,218-001-097-300,97300,샴페인골드,W170×D80×H220,LED 40W,4000K+3000K,KS,219,c:\Users\skyjw\Downloads\MK12_JPG\MK12_p219.jpg
LED 하5니 P/D,218-002-092-300,92300,샴페인골드,W110×D120×H220,LED 30W,4000K+3000K,KS,219,c:\Users\skyjw\Downloads\MK12_JPG\MK12_p219.jpg
LED 써클링 P/D,218-003-097-300,97300,샴페인골드,W100×D40×H300,LED 40W,4000K+3000K,KS,219,c:\Users\skyjw\Downloads\MK12_JPG\MK12_p219.jpg
LED 포에버 4등 P/D,219-001-192-000,192000,,W940×D160×H865 (후렌치: W300×D77×H35),LED 20W,4000K,"플리커프리, KS",220,c:\Users\skyjw\Downloads\MK12_JPG\MK12_p220.jpg
LED 데이지 3등 P/D,220-001-078-000,78000,화이트,W928×∅248×H126,LED 30W,4000K,,221,c:\Users\skyjw\Downloads\MK12_JPG\MK12_p221.jpg
LED 클라우드 1등 P/D,221-001-106-800,106800,화이트,Ø800×H65,LED 50W,4000K,,222,c:\Users\skyjw\Downloads\MK12_JPG\MK12_p222.jpg
LED 클라우드 2등 P/D,221-002-126-000,126000,화이트,(Ø600+Ø400)×H65,LED 50W,4000K,,222,c:\Users\skyjw\Downloads\MK12_JPG\MK12_p222.jpg
LED 클라우드 3등 P/D,221-003-218-400,218400,화이트,(Ø800+Ø600+Ø400)×H65,LED 100W,4000K,,222,c:\Users\skyjw\Downloads\MK12_JPG\MK12_p222.jpg
LED 루나 색변환(리모컨) P/D,222-001-078-000,78000,"샌드, 아이보리, 그레이",Ø455×H150,LED 40W,3000K~6500K,"밝기조절(약9단계), 리모컨 포함",223,c:\Users\skyjw\Downloads\MK12_JPG\MK12_p223.jpg
샤넬 1등 P/D,223-001-039-800,39800,"화이트, 스모크아크릴",Ø400×H380,E26×1,,무게 약 0.5kg,224,c:\Users\skyjw\Downloads\MK12_JPG\MK12_p224.jpg
티온 1등 P/D,223-002-023-400,23400,"블랙, 화이트",Ø320×H150,E26×1,,"전선길이 1.7M, 전구 G95",224,c:\Users\skyjw\Downloads\MK12_JPG\MK12_p224.jpg
LED 플레어 P/D,224-001-040-800,40800,"화이트, 블랙",Ø430×H126,LED 15W,4000K,,225,c:\Users\skyjw\Downloads\MK12_JPG\MK12_p225.jpg
LED 몽블랑 P/D,224-002-045-600,45600,"화이트, 블랙",Ø400×H126,LED 12W,3000K,,225,c:\Users\skyjw\Downloads\MK12_JPG\MK12_p225.jpg
LED 비비드 P/D,225-001-033-600,33600,"아이보리, 블루, 레드",Ø460×H265,LED 12W,4000K,,226,c:\Users\skyjw\Downloads\MK12_JPG\MK12_p226.jpg
LED 비바 P/D,226-001-082-800,82800,화이트 + 블랙 트랙,Ø450×H200,LED 10W,4000K,,227,c:\Users\skyjw\Downloads\MK12_JPG\MK12_p227.jpg
LED 미니 1등 P/D _小,227-001-040-800,40800,화이트,Ø280×70,LED 10W,4000K,"플리커프리, KS",228,c:\Users\skyjw\Downloads\MK12_JPG\MK12_p228.jpg
LED 미니 1등 P/D _小,227-002-045-600,45600,"아이보리, 코발트",Ø280×70,LED 10W,4000K,"플리커프리, KS",228,c:\Users\skyjw\Downloads\MK12_JPG\MK12_p228.jpg
LED 미니 1등 P/D _大,227-003-066-800,66800,화이트,Ø400×100,LED 30W,4000K,"플리커프리, KS",228,c:\Users\skyjw\Downloads\MK12_JPG\MK12_p228.jpg
LED 미니 1등 P/D _大,227-004-072-000,72000,"아이보리, 코발트",Ø400×100,LED 30W,4000K,"플리커프리, KS",228,c:\Users\skyjw\Downloads\MK12_JPG\MK12_p228.jpg
LED 반코 1등 반매입 P/D,228-001-026-600,26600,"화이트, 블랙","Ø85×200, 310×320 (단품: 63)",LED 8W,3000K,,229,c:\Users\skyjw\Downloads\MK12_JPG\MK12_p229.jpg
LED 방크 2등 직부형 P/D (매입겸용),229-001-060-200,60200,"화이트, 블랙","Ø85×200, ØØ1200",LED 15W,3000K,"현장 A/S 1년, 플리커프리, KS",230,c:\Users\skyjw\Downloads\MK12_JPG\MK12_p230.jpg
Freesia,999-999-999-999,999999,화이트,,,,,231,c:\Users\skyjw\Downloads\MK12_JPG\MK12_p231.jpg
프리지아1등 P/D - A타입 원형,231-001-019-500,19500,,Ø320×H280,E26소켓 (전구별도 불가 G95),,"KS, 플리커프리, 현장 A/S 1년",232,c:\Users\skyjw\Downloads\MK12_JPG\MK12_p232.jpg
프리지아1등 P/D - B타입 우주선,231-002-024-100,24100,,Ø520×H230,E26소켓 (전구별도 불가 G95),,"KS, 플리커프리, 현장 A/S 1년",232,c:\Users\skyjw\Downloads\MK12_JPG\MK12_p232.jpg
프리지아1등 P/D - C타입 호리병,231-003-019-500,19500,,Ø310×H360,E26소켓 (전구별도 불가 G95),,"KS, 플리커프리, 현장 A/S 1년",232,c:\Users\skyjw\Downloads\MK12_JPG\MK12_p232.jpg
프리지아1등 P/D - D타입 꽈이,231-004-024-100,24100,,Ø260×H570,E26소켓 (전구별도 불가 T45),,"KS, 플리커프리, 현장 A/S 1년",232,c:\Users\skyjw\Downloads\MK12_JPG\MK12_p232.jpg
프리지아1등 P/D - E타입 타원형,231-005-036-400,36400,,Ø550×H320,E26소켓 (전구별도 불가 G80),,"KS, 플리커프리, 현장 A/S 1년",232,c:\Users\skyjw\Downloads\MK12_JPG\MK12_p232.jpg
프리지아1등 P/D - F타입 원형 ★,231-006-020-800,20800,,Ø350×H315,E26소켓 (전구별도 불가 G95),,"KS, 플리커프리, 현장 A/S 1년",232,c:\Users\skyjw\Downloads\MK12_JPG\MK12_p232.jpg
아로그 1등 P/D,232-001-036-000,36000,화이트,Ø320×H390,E26,,"미크로박투드, KC",233,c:\Users\skyjw\Downloads\MK12_JPG\MK12_p233.jpg
로즈 1등 P/D,233-001-036-400,36400,화이트,"Ø330×H200, Ø430×H290",E26×1,,PVC,234,c:\Users\skyjw\Downloads\MK12_JPG\MK12_p234.jpg
로즈 1등 P/D,233-002-050-700,50700,화이트,"Ø330×H200, Ø430×H290",E26×1,,PVC,234,c:\Users\skyjw\Downloads\MK12_JPG\MK12_p234.jpg
메이크 1등 P/D,234-001-030-000,30000,화이트,Ø190×H190,E26,,KS,235,c:\Users\skyjw\Downloads\MK12_JPG\MK12_p235.jpg
파콕 1등 P/D,234-002-051-600,51600,화이트,Ø370×H280,E26,,KC,235,c:\Users\skyjw\Downloads\MK12_JPG\MK12_p235.jpg
비컨 1등 P/D,235-001-076-800,76800,화이트,,E26,,"전선길이: 1500, 이금속스틸",236,c:\Users\skyjw\Downloads\MK12_JPG\MK12_p236.jpg
비컨 1등 P/D,235-002-096-000,96000,화이트,,E26,,"전선길이: 1500, 이금속스틸",236,c:\Users\skyjw\Downloads\MK12_JPG\MK12_p236.jpg
비컨 1등 P/D,235-003-120-000,120000,화이트,,E26,,"전선길이: 1500, 이금속스틸",236,c:\Users\skyjw\Downloads\MK12_JPG\MK12_p236.jpg
비컨 1등 P/D,235-004-216-000,216000,화이트,,E26,,"전선길이: 1500, 이금속스틸",236,c:\Users\skyjw\Downloads\MK12_JPG\MK12_p236.jpg
플랜 P/D,236-001-035-400,35400,"크림색, 카키색",Ø380×H183,E26×1,,KC,237,c:\Users\skyjw\Downloads\MK12_JPG\MK12_p237.jpg
몽레 P/D,236-002-026-000,26000,"크림색, 카키색",Ø280×H250,E26×1,,KC,237,c:\Users\skyjw\Downloads\MK12_JPG\MK12_p237.jpg
플뢰44 1등 P/D,237-001-031-200,31200,화이트,Ø400×H210 / E26×1,,,,238,c:\Users\skyjw\Downloads\MK12_JPG\MK12_p238.jpg
플뢰44 1등 P/D,237-002-038-400,38400,"네이비, 오렌지, 그린, 퍼플, 스카이블루",Ø400×H210 / E26×1,,,,238,c:\Users\skyjw\Downloads\MK12_JPG\MK12_p238.jpg
미니 마카롱 6등 P/D,238-005-069-600,69600,,Ø380×H360,E14×6 (전구미포함),,무지(무광),239,c:\Users\skyjw\Downloads\MK12_JPG\MK12_p239.jpg
프레시트 12등 P/D,239-001-507-000,507000,앤틱골드,W1350×D550×H500,G9할로겐×12,,,240,c:\Users\skyjw\Downloads\MK12_JPG\MK12_p240.jpg
프로빈스 9등 P/D,239-002-338-000,338000,골드,∅700×H600,G9할로겐×9,,스틸+유리+아크릴+크리스탈,240,c:\Users\skyjw\Downloads\MK12_JPG\MK12_p240.jpg
베르판 펜 3등 P/D,239-003-102-500,102500,화이트+골드,∅490×H400,E26×3,,KC,240,c:\Users\skyjw\Downloads\MK12_JPG\MK12_p240.jpg
LED 로엘 P/D,239-004-150-000,150000,골드,W800×D300×H130,LED 40W,4000K,,240,c:\Users\skyjw\Downloads\MK12_JPG\MK12_p240.jpg
LED 기아야 P/D,239-005-171-600,171600,골드,W605×D300×H100,LED 40W 2EA,6500K+3000K,,240,c:\Users\skyjw\Downloads\MK12_JPG\MK12_p240.jpg
버스커 12등 일자 P/D,240-001-082-600,82600,골드,W950×H510,E17겸용램프×12,,,241,c:\Users\skyjw\Downloads\MK12_JPG\MK12_p241.jpg
버스커 9등 원형 P/D,240-002-055-400,55400,골드,Ø500×H500,E17겸용램프×9,,,241,c:\Users\skyjw\Downloads\MK12_JPG\MK12_p241.jpg
버스커 9등 원형 직부,240-003-059-000,59000,골드,Ø500×H290,E17겸용램프×9,,,241,c:\Users\skyjw\Downloads\MK12_JPG\MK12_p241.jpg
버스커 6등 원형 직부,240-004-044-100,44100,골드,Ø450×H250,E17겸용램프×6,,,241,c:\Users\skyjw\Downloads\MK12_JPG\MK12_p241.jpg
버스커 5등 원형 직부,240-005-031-600,31600,골드,Ø450×H250,E17겸용램프×5,,,241,c:\Users\skyjw\Downloads\MK12_JPG\MK12_p241.jpg
비즈 엘리스 12등 일자 P/D,240-006-120-900,120900,골드,W950×D300×H300,E17겸용램프×12,,,241,c:\Users\skyjw\Downloads\MK12_JPG\MK12_p241.jpg
비즈 엘리스 9등 원형 P/D,240-007-081-300,81300,골드,Ø360×H360,E17겸용램프×9,,,241,c:\Users\skyjw\Downloads\MK12_JPG\MK12_p241.jpg
LED 프리즘 P/D,241-001-134-400,134400,골드,W1200×H75,LED 40W,4000K,,242,c:\Users\skyjw\Downloads\MK12_JPG\MK12_p242.jpg
LED 스텔라 P/D,241-002-113-800,113800,골드,W1015×D320×H40,LED 45W,2700K,,242,c:\Users\skyjw\Downloads\MK12_JPG\MK12_p242.jpg
LED 프리얀 P/D,241-003-163-200,163200,골드,Ø820×H600 / Ø400×H40,LED 90W,2700K,,242,c:\Users\skyjw\Downloads\MK12_JPG\MK12_p242.jpg
LED 파르디사우 P/D,241-004-111-600,111600,샴페인골드,W900×D300×H45,LED 40W,4000K,,242,c:\Users\skyjw\Downloads\MK12_JPG\MK12_p242.jpg
LED 쓰리링 비비안 P/D,241-005-114-400,114400,골드,W1000×D260×H320,LED 40W,4000K,,242,c:\Users\skyjw\Downloads\MK12_JPG\MK12_p242.jpg
LED 더블링 P/D,241-006-068-300,68300,샴페인골드,W920×D80×H280,LED 40W,4000K,,242,c:\Users\skyjw\Downloads\MK12_JPG\MK12_p242.jpg
LED 투링 스트리밍 P/D,241-007-110-500,110500,골드,W940×D480×H280,LED 30W,4000K,,242,c:\Users\skyjw\Downloads\MK12_JPG\MK12_p242.jpg
LED 루이스 P/D,241-008-102-800,102800,골드,W1050×D230×H250,LED 30W,4000K,,242,c:\Users\skyjw\Downloads\MK12_JPG\MK12_p242.jpg
LED 비엔나 P/D,242-001-116-400,116400,"화이트, 핑크, 그린",W980×D250×H130,LED 20W,4000K,,243,c:\Users\skyjw\Downloads\MK12_JPG\MK12_p243.jpg
LED 바젤 P/D,242-002-198-000,198000,브론즈,W900×D90×H25,LED 45W,4000K,,243,c:\Users\skyjw\Downloads\MK12_JPG\MK12_p243.jpg
LED 리듬 P/D 1000,242-003-050-400,50400,"블랙, 화이트",W1000×H80,LED 50W,3000K,전용 KS 컨버터,243,c:\Users\skyjw\Downloads\MK12_JPG\MK12_p243.jpg
LED 미니 리듬 P/D 700,242-004-043-000,43000,"블랙, 화이트",W700×H80,LED 50W,3000K,전용 KS 컨버터,243,c:\Users\skyjw\Downloads\MK12_JPG\MK12_p243.jpg
LED 비스포크 P/D,SI-GYY1C2A1D,,화이트,W1000×D30×H70 (천장부 W350×D80×H30),전구색 1200 / LED 21W,"4000K, 3000K","1,700lm 이상 / 80lm/W 이상",244,c:\Users\skyjw\Downloads\MK12_JPG\MK12_p244.jpg
LED 비스포크 P/D,SI-GYY1C2A2D,,블랙,W1000×D30×H70 (천장부 W350×D80×H30),전구색 1200 / LED 21W,"4000K, 3000K","1,700lm 이상 / 80lm/W 이상",244,c:\Users\skyjw\Downloads\MK12_JPG\MK12_p244.jpg
LED 비스포크 P/D,SI-GYY1C2A3D,,그린,W1000×D30×H70 (천장부 W350×D80×H30),전구색 1200 / LED 21W,"4000K, 3000K","1,700lm 이상 / 80lm/W 이상",244,c:\Users\skyjw\Downloads\MK12_JPG\MK12_p244.jpg
LED 비스포크 P/D,SI-GYY1C2A4D,,핑크,W1000×D30×H70 (천장부 W350×D80×H30),전구색 1200 / LED 21W,"4000K, 3000K","1,700lm 이상 / 80lm/W 이상",244,c:\Users\skyjw\Downloads\MK12_JPG\MK12_p244.jpg
LED 비스포크 P/D,SI-GYY1C2A5D,,옐로우,W1000×D30×H70 (천장부 W350×D80×H30),전구색 1200 / LED 21W,"4000K, 3000K","1,700lm 이상 / 80lm/W 이상",244,c:\Users\skyjw\Downloads\MK12_JPG\MK12_p244.jpg
LED 비스포크 P/D,SI-GYY1C2A6D,,샌드베이지,W1000×D30×H70 (천장부 W350×D80×H30),전구색 1200 / LED 21W,"4000K, 3000K","1,700lm 이상 / 80lm/W 이상",244,c:\Users\skyjw\Downloads\MK12_JPG\MK12_p244.jpg
LED 쇼펜 P/D,244-001-063-700,63700,블랙,W1160×D40×H125,LED 30W / 4000K,,"주광 회전, KS",245,c:\Users\skyjw\Downloads\MK12_JPG\MK12_p245.jpg
LED 플랫 P/D,244-002-045-200,45200,"블랙, 화이트",W1205×D15×H65,LED 30W / 4000K,,,245,c:\Users\skyjw\Downloads\MK12_JPG\MK12_p245.jpg
LED 라인 P/D,244-003-061-000,61000,"블랙, 화이트",W1000×D40×H30,LED 40W / 4000K,,,245,c:\Users\skyjw\Downloads\MK12_JPG\MK12_p245.jpg
LED 스마트 룩 1800mm P/D,244-004-130-000,130000,"블랙, 화이트",W1780×D55×H80,"LED 75W / 6000K, 4000K",,주문품,245,c:\Users\skyjw\Downloads\MK12_JPG\MK12_p245.jpg
LED 웨이브 P/D,245-001-061-100,61100,샴페인골드,W1180×D110×H30,LED 30W,4000K,KS,246,c:\Users\skyjw\Downloads\MK12_JPG\MK12_p246.jpg
LED 로즈스틱 P/D,245-002-064-800,64800,화이트,W1200×H30,LED 30W,4000K,"로즈, 화이트",246,c:\Users\skyjw\Downloads\MK12_JPG\MK12_p246.jpg
LED 로즈스틱 P/D,245-003-064-000,64000,"골드, 화이트",W1200×H30,LED 30W,4000K,"로즈, 화이트",246,c:\Users\skyjw\Downloads\MK12_JPG\MK12_p246.jpg
LED 브리즈 라인 P/D,245-004-078-000,78000,"블랙, 화이트",W720×D30×H30,LED 30W,4000K,"블랙, 화이트",246,c:\Users\skyjw\Downloads\MK12_JPG\MK12_p246.jpg
LED 브리즈 라인 P/D,245-005-104-000,104000,"블랙, 화이트",W1220×D30×H30,LED 40W,4000K,"블랙, 화이트",246,c:\Users\skyjw\Downloads\MK12_JPG\MK12_p246.jpg
LED 다이닝 P/D,246-001-075-400,75400,"월넛, 오크",W930×D150×H80,LED 40W,4000K,A/S 1년,247,c:\Users\skyjw\Downloads\MK12_JPG\MK12_p247.jpg
LED 사각 라인 P/D,246-002-079-600,79600,골드,W920×D110×H72,LED 20W,4000K,,247,c:\Users\skyjw\Downloads\MK12_JPG\MK12_p247.jpg
LED 사각단 P/D,246-003-143-800,143800,우드,W600×D300×H63 + W400×D200×H63,LED 50W,4000K,,247,c:\Users\skyjw\Downloads\MK12_JPG\MK12_p247.jpg
LED ㄷ+ 사각2단 P/D,246-004-110-500,110500,골드,W600×D300×H63 + W400×D200×H63,LED 50W,4000K,,247,c:\Users\skyjw\Downloads\MK12_JPG\MK12_p247.jpg
LED 흐로이 P/D,247-001-109-200,109200,골드,W900×D200×H32,LED 40W,4000K,,248,c:\Users\skyjw\Downloads\MK12_JPG\MK12_p248.jpg
LED 모빌 P/D,247-002-188-400,188400,"블랙, 화이트",W1100×D200×H65,,4000K,,248,c:\Users\skyjw\Downloads\MK12_JPG\MK12_p248.jpg
LED 모빌 P/D,247-003-201-600,201600,골드,W1100×D200×H65,,4000K,,248,c:\Users\skyjw\Downloads\MK12_JPG\MK12_p248.jpg
LED 스퀘어 P/D,247-004-133-200,133200,골드,W900×D200×H70,LED 50W,4000K+3000K,,248,c:\Users\skyjw\Downloads\MK12_JPG\MK12_p248.jpg
LED 스퀘어 P/D,247-005-120-800,120800,화이트,W900×D200×H70,LED 50W,4000K+3000K,,248,c:\Users\skyjw\Downloads\MK12_JPG\MK12_p248.jpg
LED 바이론 P/D,248-001-069-600,69600,화이트,W760×D350×H115,LED 40W,4000K,,249,c:\Users\skyjw\Downloads\MK12_JPG\MK12_p249.jpg
LED 욜로 P/D,248-002-063-700,63700,골드,W750×D300×H115,LED 40W,4000K,,249,c:\Users\skyjw\Downloads\MK12_JPG\MK12_p249.jpg
LED 골드라인 P/D,248-003-056-600,56600,골드,W520×D180×H180,LED 40W,3000K,국산 KS 컨버터,249,c:\Users\skyjw\Downloads\MK12_JPG\MK12_p249.jpg
LED 실버라인 P/D,248-004-056-600,56600,실버,W520×D180×H180,LED 40W,3000K,국산 KS 컨버터,249,c:\Users\skyjw\Downloads\MK12_JPG\MK12_p249.jpg
LED 메비우스 P/D (700),248-005-050-400,50400,골드,W720×D330×H220,LED 50W,4000K,,249,c:\Users\skyjw\Downloads\MK12_JPG\MK12_p249.jpg
LED 메비우스 P/D (600),248-006-044-800,44800,골드,W650×D260×H200,LED 40W,4000K,,249,c:\Users\skyjw\Downloads\MK12_JPG\MK12_p249.jpg
LED 메비우스 크리스탈 P/D (700),248-007-054-600,54600,골드,W720×D330×H220,LED 50W,6500K+3000K,,249,c:\Users\skyjw\Downloads\MK12_JPG\MK12_p249.jpg
LED 메비우스 크리스탈 P/D (600),248-008-048-000,48000,골드,W650×D260×H200,LED 40W,6500K+3000K,,249,c:\Users\skyjw\Downloads\MK12_JPG\MK12_p249.jpg
LED 리브미 P/D (500),248-009-045-300,45300,골드,W500×H200,LED 40W,4000K,,249,c:\Users\skyjw\Downloads\MK12_JPG\MK12_p249.jpg
LED 리브미 크리스탈 P/D (500),248-010-048-800,48800,골드,W500×H200,LED 40W,6500K+3000K,,249,c:\Users\skyjw\Downloads\MK12_JPG\MK12_p249.jpg
LED 리파인드 1단 P/D,249-002-145-900,145900,골드 도금,"Ø600 (전체: Ø175×H40, 전선: 최대 Ø0.9M)",LED 50W,4200K,"KS, 플리커프리, 현장 A/S 1년",250,c:\Users\skyjw\Downloads\MK12_JPG\MK12_p250.jpg
LED 리파인드 3단 P/D,249-001-492-700,492700,골드 도금,"Ø1000+Ø820+Ø620 (전체: Ø330×H50, 전선: 최대 1.9M)",LED 180W,4200K,"KS, 플리커프리, 현장 A/S 1년",250,c:\Users\skyjw\Downloads\MK12_JPG\MK12_p250.jpg
LED 티파니 3등 P/D,249-003-141-700,141700,골드,Ø500+Ø400+Ø300×H30,LED 60W,4000K,,250,c:\Users\skyjw\Downloads\MK12_JPG\MK12_p250.jpg
LED 크리스탈링 3단 P/D,249-004-109-400,109400,"흑색, 연주백",Ø500+Ø350+Ø290 (전체 조절 가능),LED 60W,,"국산, KS",250,c:\Users\skyjw\Downloads\MK12_JPG\MK12_p250.jpg
LED 크리스탈링 2단 P/D,249-005-093-600,93600,"흑색, 연주백",Ø500+Ø350 (전체 조절 가능),LED 66W,,"국산, KS",250,c:\Users\skyjw\Downloads\MK12_JPG\MK12_p250.jpg
LED 플라밍고 4단 P/D,250-001-124-000,124000,골드,Ø360 + Ø680 + Ø360 + Ø210,LED 14W,3000K,"골드, 블랙, 높이와 각도 조절 가능",251,c:\Users\skyjw\Downloads\MK12_JPG\MK12_p251.jpg
LED 플라밍고 4단 P/D,250-002-124-000,124000,블랙,Ø360 + Ø680 + Ø360 + Ø210,LED 14W,3000K,"골드, 블랙, 높이와 각도 조절 가능",251,c:\Users\skyjw\Downloads\MK12_JPG\MK12_p251.jpg
LED 플라밍고 3단 P/D,250-003-119-500,119500,골드,Ø360 + Ø680 + Ø360,LED 14W,3000K,"골드, 블랙, 높이와 각도 조절 가능",251,c:\Users\skyjw\Downloads\MK12_JPG\MK12_p251.jpg
LED 플라밍고 3단 P/D,250-004-119-500,119500,블랙,Ø360 + Ø680 + Ø360,LED 14W,3000K,"골드, 블랙, 높이와 각도 조절 가능",251,c:\Users\skyjw\Downloads\MK12_JPG\MK12_p251.jpg
LED 리베로 5등 P/D,251-001-192-400,192400,블랙,Ø800×H300,LED 50W,4000K,,252,c:\Users\skyjw\Downloads\MK12_JPG\MK12_p252.jpg
LED 리베로 3등 P/D,251-002-109-200,109200,블랙,Ø580×H300,LED 30W,4000K,,252,c:\Users\skyjw\Downloads\MK12_JPG\MK12_p252.jpg
LED 리베로 7등 직부,251-003-323-700,323700,블랙,Ø1000×H300,LED 105W,4000K,,252,c:\Users\skyjw\Downloads\MK12_JPG\MK12_p252.jpg
LED 리베로 4등 직부,251-004-126-100,126100,블랙,Ø800×H300,LED 30W,4000K,,252,c:\Users\skyjw\Downloads\MK12_JPG\MK12_p252.jpg
LED 벤토 5등 P/D,251-005-248-300,248300,"월넛, 우드유리",W940×D120×H30,LED 25W,3000K,,252,c:\Users\skyjw\Downloads\MK12_JPG\MK12_p252.jpg
LED 벤토 3등 P/D,251-006-171-600,171600,"월넛, 우드유리",W530×D120×H30,LED 15W,3000K,,252,c:\Users\skyjw\Downloads\MK12_JPG\MK12_p252.jpg
LED 미리내 500 P/D,251-007-081-100,81100,,Ø500,LED 20W,3000K,,252,c:\Users\skyjw\Downloads\MK12_JPG\MK12_p252.jpg
LED 미리내 400 P/D,251-008-071-300,71300,,Ø400,LED 20W,3000K,,252,c:\Users\skyjw\Downloads\MK12_JPG\MK12_p252.jpg
LED 미리내 300 P/D,251-009-050-400,50400,,Ø300,LED 15W,3000K,,252,c:\Users\skyjw\Downloads\MK12_JPG\MK12_p252.jpg
LED 엔젤 3등 P/D,252-001-098-500,98500,실버,W722×D180×H200,LED 30W,4000K,실버링 코트,253,c:\Users\skyjw\Downloads\MK12_JPG\MK12_p253.jpg
LED 엔젤 1등 P/D,252-002-038-100,38100,샴페인 골드,W180×D60×H200,LED 10W,4000K,샴페인 골드,253,c:\Users\skyjw\Downloads\MK12_JPG\MK12_p253.jpg
LED 오벨 1등 P/D,252-003-093-600,93600,골드 도금,Ø260×H60,LED 25W,4200K,"천장 하부 Ø140×H37, 천장 하부: 0.9M, 스와로브스키 크리스탈",253,c:\Users\skyjw\Downloads\MK12_JPG\MK12_p253.jpg
LED 호박 1등 P/D 大,252-004-092-300,92300,투명,Ø300×H155,LED 30W,6000K+3000K,,253,c:\Users\skyjw\Downloads\MK12_JPG\MK12_p253.jpg
LED 호박 1등 P/D 小,252-005-052-000,52000,투명,Ø160×H105,LED 10W,6000K+3000K,,253,c:\Users\skyjw\Downloads\MK12_JPG\MK12_p253.jpg
LED 마리샤 1등 P/D /센서전용,252-006-067-600,67600,골드,W170×D200×H240,LED 7W,3000K,센서 모듈 미포함,253,c:\Users\skyjw\Downloads\MK12_JPG\MK12_p253.jpg
LED 마리샤 1등 B/R /센서/직부 겸용,252-007-067-600,67600,골드,W170×D260×H240,LED 7W,3000K,센서 모듈 미포함,253,c:\Users\skyjw\Downloads\MK12_JPG\MK12_p253.jpg
LED 베리나 펜던트/직부 겸용,253-001-082-600,82600,화이트,Ø500×H250,LED 30W,4000K,"화이트, 스틸+아크릴, 겸용 LED 모듈 일체형",254,c:\Users\skyjw\Downloads\MK12_JPG\MK12_p254.jpg
LED 이오스 1등 P/D 대,253-002-044-400,44400,화이트,Ø310×H280,LED 18W,,"화이트, 아크릴",254,c:\Users\skyjw\Downloads\MK12_JPG\MK12_p254.jpg
LED 이오스 1등 P/D 중,253-003-042-000,42000,화이트,Ø260×H230,LED 12W,4000K,"화이트, 아크릴",254,c:\Users\skyjw\Downloads\MK12_JPG\MK12_p254.jpg
LED 이오스 1등 P/D 소,253-004-031-200,31200,화이트,Ø260,LED 8W,4000K,"화이트, 아크릴",254,c:\Users\skyjw\Downloads\MK12_JPG\MK12_p254.jpg
조약돌 1등 P/D 410,253-005-029-800,29800,화이트,Ø410,,,"E26겸용, 화이트",254,c:\Users\skyjw\Downloads\MK12_JPG\MK12_p254.jpg
조약돌 1등 P/D 310,253-006-022-300,22300,화이트,Ø310,,,"E26겸용, 화이트",254,c:\Users\skyjw\Downloads\MK12_JPG\MK12_p254.jpg
조약돌 1등 P/D 260,253-007-016-500,16500,화이트,Ø260,,,"E26겸용, 화이트",254,c:\Users\skyjw\Downloads\MK12_JPG\MK12_p254.jpg
조약돌 1등 P/D 210,253-008-011-200,11200,화이트,Ø210,,,"E26겸용, 화이트",254,c:\Users\skyjw\Downloads\MK12_JPG\MK12_p254.jpg
LED 쉬크 1등 P/D,254-001-055-200,55200,"화이트, 민트, 핑크","Ø350×H150 (무선추 1.2Ø, 전선: 최대 1.65M)",LED 15W,4000K,,255,c:\Users\skyjw\Downloads\MK12_JPG\MK12_p255.jpg
LED 샤르망 P/D,254-002-040-800,40800,"레드, 블루",Ø400×H150 (무게: 약1kg),LED 36W,4000K,,255,c:\Users\skyjw\Downloads\MK12_JPG\MK12_p255.jpg
LED 젠틀 P/D,254-003-054-000,54000,"화이트, 핑크, 그린",Ø400×H50,LED 36W,4000K,,255,c:\Users\skyjw\Downloads\MK12_JPG\MK12_p255.jpg
LED 마린 1등 P/D,255-001-052-000,52000,"블랙, 화이트",Ø220×H215,20W / 4000K,,"화이트(무광), 블랙(무광), 스틸+아크릴",256,c:\Users\skyjw\Downloads\MK12_JPG\MK12_p256.jpg
LED 츄잉 1등 P/D,255-002-055-900,55900,"블랙, 화이트",Ø150×H240,10W / 4000K,,"화이트(유광), 블랙(유광), 스틸",256,c:\Users\skyjw\Downloads\MK12_JPG\MK12_p256.jpg
LED 이코 미팅 P/D,255-003-031-200,31200,"골드, 블랙, 화이트",Ø300×H280,LED 8W / 4000K,,스틸+유리,256,c:\Users\skyjw\Downloads\MK12_JPG\MK12_p256.jpg
플랜 4등 P/D,255-004-091-000,91000,블랙+화이트,Ø500×H470,E26×4,,스틸+아크릴,256,c:\Users\skyjw\Downloads\MK12_JPG\MK12_p256.jpg
깃털 1등 P/D,256-001-046-400,46400,화이트,,E26x1,,"화이트, 그레이",257,c:\Users\skyjw\Downloads\MK12_JPG\MK12_p257.jpg
깃털 1등 P/D,256-002-044-100,44100,그레이,,E26x1,,"화이트, 그레이",257,c:\Users\skyjw\Downloads\MK12_JPG\MK12_p257.jpg
깃털 1등 P/D,256-003-034-900,34900,화이트,,E26x1,,"화이트, 그레이",257,c:\Users\skyjw\Downloads\MK12_JPG\MK12_p257.jpg
깃털 1등 P/D,256-004-033-300,33300,그레이,,E26x1,,"화이트, 그레이",257,c:\Users\skyjw\Downloads\MK12_JPG\MK12_p257.jpg
바이엘 1등 P/D,256-005-127-400,127400,타원형,500×H360,E26x1,,"화이트(무광), 플라스틱+스틸릭스",257,c:\Users\skyjw\Downloads\MK12_JPG\MK12_p257.jpg
바이엘 1등 P/D,256-006-127-400,127400,원형,450×H450,E26x1,,"화이트(무광), 스틸릭스+플라스틱",257,c:\Users\skyjw\Downloads\MK12_JPG\MK12_p257.jpg
베르판 1등 P/D,257-001-091-000,91000,매치,Ø400,E26 벌브,,"패브릭, 화이트, 골드, 실버",258,c:\Users\skyjw\Downloads\MK12_JPG\MK12_p258.jpg
베르판 1등 P/D,257-002-089-700,89700,화이트,Ø400,E26 벌브,,"패브릭, 화이트, 골드, 실버",258,c:\Users\skyjw\Downloads\MK12_JPG\MK12_p258.jpg
베르판 1등 P/D,257-003-111-000,111000,골드,Ø400,E26 벌브,,"패브릭, 화이트, 골드, 실버",258,c:\Users\skyjw\Downloads\MK12_JPG\MK12_p258.jpg
베르판 1등 P/D,257-004-119-600,119600,크롬,Ø400,E26 벌브,,"패브릭, 화이트, 골드, 실버",258,c:\Users\skyjw\Downloads\MK12_JPG\MK12_p258.jpg
뉴아르코 1등 P/D,258-001-059-800,59800,크롬,Ø290×H242,E14×1 (전구미포함: 램프별매 E14),,,259,c:\Users\skyjw\Downloads\MK12_JPG\MK12_p259.jpg
꼬망쉬 1등 P/D,258-002-074-100,74100,크롬,"Ø556×H718 (무선길이: 1700×H20, 전선길이: 1.5M)",E26×1 (전구미포함: G95),,,259,c:\Users\skyjw\Downloads\MK12_JPG\MK12_p259.jpg
스노우볼 1등 P/D,258-003-111-800,111800,화이트,Ø410×H400,"E26×1 (전구미포함: G80, 벌브)",,,259,c:\Users\skyjw\Downloads\MK12_JPG\MK12_p259.jpg
플로 1등 P/D,258-004-042-400,42400,화이트,Ø350×H350,E26×1,,,259,c:\Users\skyjw\Downloads\MK12_JPG\MK12_p259.jpg
PH5 1등 P/D 大,259-001-056-200,56200,화이트,Ø500×H270,E26×1,,주광색,260,c:\Users\skyjw\Downloads\MK12_JPG\MK12_p260.jpg
PH5 1등 P/D 小,259-002-043-300,43300,화이트,Ø300×H160,E26×1,"전구색, 주광색",화이트,260,c:\Users\skyjw\Downloads\MK12_JPG\MK12_p260.jpg
아르텍 1등 P/D 大,259-003-071-300,71300,화이트,Ø600×H190,E26×1,,"화이트, 화이트+골드",260,c:\Users\skyjw\Downloads\MK12_JPG\MK12_p260.jpg
아르텍 1등 P/D 大,259-004-076-200,76200,화이트+골드,Ø600×H190,E26×1,,"화이트, 화이트+골드",260,c:\Users\skyjw\Downloads\MK12_JPG\MK12_p260.jpg
아르텍 1등 P/D 小,259-005-049-200,49200,화이트,Ø500×H190,E26×1,,"화이트, 화이트+골드",260,c:\Users\skyjw\Downloads\MK12_JPG\MK12_p260.jpg
아르텍 1등 P/D 小,259-006-052-900,52900,화이트+골드,Ø500×H190,E26×1,,"화이트, 화이트+골드",260,c:\Users\skyjw\Downloads\MK12_JPG\MK12_p260.jpg
플라워팟 1등 P/D 소,260-001-037-700,37700,"블랙, 화이트, 그레이베이지, 베이지레드, 민트그레이, 스카이블루, 미스터드, 딥레드, 다크그린, 블랙블루",Ø230,E26x1 (전구별매: 일반형 E26),,"플리커프리, 현장 A/S 1년",261,c:\Users\skyjw\Downloads\MK12_JPG\MK12_p261.jpg
플라워팟 1등 P/D 소,260-002-053-300,53300,"크롬, 브라스, 코퍼",Ø230,E26x1 (전구별매: 일반형 E26),,"플리커프리, 현장 A/S 1년",261,c:\Users\skyjw\Downloads\MK12_JPG\MK12_p261.jpg
플라워팟 1등 P/D 대,260-003-053-300,53300,"블랙, 화이트, 그레이베이지, 베이지레드, 민트그레이, 스카이블루, 미스터드, 딥레드, 다크그린, 블랙블루, 크롬, 브라스, 코퍼",Ø300,E26x1 (전구별매: 일반형 E26),,"플리커프리, 현장 A/S 1년",261,c:\Users\skyjw\Downloads\MK12_JPG\MK12_p261.jpg
플라워팟 1등 P/D 대,260-004-056-300,56300,"블랙, 화이트, 그레이베이지, 베이지레드, 민트그레이, 스카이블루, 미스터드, 딥레드, 다크그린, 블랙블루, 크롬, 브라스, 코퍼",Ø300,E26x1 (전구별매: 일반형 E26),,"플리커프리, 현장 A/S 1년",261,c:\Users\skyjw\Downloads\MK12_JPG\MK12_p261.jpg
비비아 1등 P/D,260-005-018-200,18200,화이트,Ø200×H150,E26x1 (전구별매: 일반형 E26),,,261,c:\Users\skyjw\Downloads\MK12_JPG\MK12_p261.jpg
콘서트 1등 P/D,260-006-057-600,57600,"블랙, 화이트, 블루",Ø450×H250,E26x1,,,261,c:\Users\skyjw\Downloads\MK12_JPG\MK12_p261.jpg
도미니 1등 P/D,261-001-044-200,44200,화이트,Ø303×H165,E26×1,,,262,c:\Users\skyjw\Downloads\MK12_JPG\MK12_p262.jpg
도미니 1등 P/D,261-002-046-800,46800,"민트그린, 핑크, 일렉골드",Ø303×H165,E26×1,,,262,c:\Users\skyjw\Downloads\MK12_JPG\MK12_p262.jpg
벤트스 1등 P/D,261-003-016-800,16800,화이트,Ø330×H250,E26×1,,설치,262,c:\Users\skyjw\Downloads\MK12_JPG\MK12_p262.jpg
무드 1등 P/D,261-004-038-400,38400,"화이트, 그레이, 그린, 오렌지",Ø205×H180,E26×1,,"추천사이즈 Ø120, 전선 최대 2M",262,c:\Users\skyjw\Downloads\MK12_JPG\MK12_p262.jpg
비트 1등 P/D,262-001-024-000,24000,"블랙, 화이트",Ø300xH300,E26×1,,"블랙, 화이트, 민트, 인디핑크",263,c:\Users\skyjw\Downloads\MK12_JPG\MK12_p263.jpg
비트 1등 P/D,262-002-030-000,30000,"민트, 인디핑크",Ø300xH300,E26×1,,"블랙, 화이트, 민트, 인디핑크",263,c:\Users\skyjw\Downloads\MK12_JPG\MK12_p263.jpg
마운틴 1등 P/D A타입,262-003-027-600,27600,블랙,W350xH190,E26×1,,"블랙, 브론즈, 딥그린",263,c:\Users\skyjw\Downloads\MK12_JPG\MK12_p263.jpg
마운틴 1등 P/D A타입,262-004-032-400,32400,"브론즈, 딥그린",W350xH190,E26×1,,"블랙, 브론즈, 딥그린",263,c:\Users\skyjw\Downloads\MK12_JPG\MK12_p263.jpg
마운틴 1등 P/D B타입,262-005-027-600,27600,블랙,W280xH260,E26×1,,"블랙, 브론즈, 딥그린",263,c:\Users\skyjw\Downloads\MK12_JPG\MK12_p263.jpg
마운틴 1등 P/D B타입,262-006-032-400,32400,"브론즈, 딥그린",W280xH260,E26×1,,"블랙, 브론즈, 딥그린",263,c:\Users\skyjw\Downloads\MK12_JPG\MK12_p263.jpg
마운틴 1등 P/D C타입,262-007-027-600,27600,블랙,W210xH340,E26×1,,"블랙, 브론즈, 딥그린",263,c:\Users\skyjw\Downloads\MK12_JPG\MK12_p263.jpg
마운틴 1등 P/D C타입,262-008-032-400,32400,"브론즈, 딥그린",W210xH340,E26×1,,"블랙, 브론즈, 딥그린",263,c:\Users\skyjw\Downloads\MK12_JPG\MK12_p263.jpg
고깔 일자 2등 P/D,263-001-034-100,34100,"블랙, 화이트",W560×D200×H180,E26×2,,,264,c:\Users\skyjw\Downloads\MK12_JPG\MK12_p264.jpg
고깔 일자 3등 P/D,263-002-039-400,39400,"블랙, 화이트",W810×D200×H180,E26×3,,,264,c:\Users\skyjw\Downloads\MK12_JPG\MK12_p264.jpg
원 3등 P/D,263-003-056-400,56400,"블랙, 화이트",W720×H170,E26×3,,,264,c:\Users\skyjw\Downloads\MK12_JPG\MK12_p264.jpg
원 3등 P/D,263-004-072-000,72000,브론즈,W720×D170×H170,E26×3,,,264,c:\Users\skyjw\Downloads\MK12_JPG\MK12_p264.jpg
소완 P/D,263-005-013-600,13600,"블랙, 그레이, 화이트",Ø250×H220,E26×1,,,264,c:\Users\skyjw\Downloads\MK12_JPG\MK12_p264.jpg
마크 P/D,263-006-020-800,20800,"블랙, 그레이, 화이트",Ø300×H220,E26×1,,,264,c:\Users\skyjw\Downloads\MK12_JPG\MK12_p264.jpg
헤이즐 1등 P/D,264-001-033-600,33600,"블랙, 화이트",Ø400×H400,E26×1,,"블랙, 화이트, 그레이",265,c:\Users\skyjw\Downloads\MK12_JPG\MK12_p265.jpg
헤이즐 1등 P/D,264-002-034-800,34800,그레이,Ø400×H400,E26×1,,"블랙, 화이트, 그레이",265,c:\Users\skyjw\Downloads\MK12_JPG\MK12_p265.jpg
레이어 1등 P/D,264-003-016-800,16800,화이트+골드,Ø345×H380,E26×1,,화이트+골드,265,c:\Users\skyjw\Downloads\MK12_JPG\MK12_p265.jpg
바네사 1등 P/D,264-004-019-500,19500,화이트,Ø250×H220,E26×1,,"블랙, 화이트, 크롬",265,c:\Users\skyjw\Downloads\MK12_JPG\MK12_p265.jpg
바네사 1등 P/D,264-005-018-200,18200,블랙+크롬,Ø250×H220,E26×1,,"블랙, 화이트, 크롬",265,c:\Users\skyjw\Downloads\MK12_JPG\MK12_p265.jpg
코라 1등 P/D,264-006-009-500,9500,화이트+블랙,Ø240×H220,E26×1,,화이트+블랙,265,c:\Users\skyjw\Downloads\MK12_JPG\MK12_p265.jpg
케이스 1등 P/D,264-007-022-100,22100,블랙,Ø250×H230,E26×1,,"블랙, 화이트",265,c:\Users\skyjw\Downloads\MK12_JPG\MK12_p265.jpg
케이스 1등 P/D,264-008-022-100,22100,화이트,Ø250×H230,E26×1,,"블랙, 화이트",265,c:\Users\skyjw\Downloads\MK12_JPG\MK12_p265.jpg
올린 1등 P/D,264-009-022-100,22100,"블랙, 아쿠아블루",Ø200×H180,E26×1,,"블랙, 아쿠아블루",265,c:\Users\skyjw\Downloads\MK12_JPG\MK12_p265.jpg
레이크 1등 P/D,264-010-014-200,14200,"블랙, 화이트",Ø260×H150 (유리포함: Ø95×H20),E26×1,,"블랙, 화이트",265,c:\Users\skyjw\Downloads\MK12_JPG\MK12_p265.jpg
심플리 1등 P/D 샤틴,264-011-009-400,9400,"블랙, 화이트",Ø350×H170,E26×1,,"블랙, 화이트",265,c:\Users\skyjw\Downloads\MK12_JPG\MK12_p265.jpg
피오 1등 P/D,264-012-011-600,11600,그레이,Ø335×H190,E26×1,,"그레이, 화이트",265,c:\Users\skyjw\Downloads\MK12_JPG\MK12_p265.jpg
피오 1등 P/D,264-013-010-000,10000,화이트,Ø335×H190,E26×1,,"그레이, 화이트",265,c:\Users\skyjw\Downloads\MK12_JPG\MK12_p265.jpg
프랑스 1등 P/D,264-014-009-400,9400,블랙,Ø365×H160,E26×1,,블랙,265,c:\Users\skyjw\Downloads\MK12_JPG\MK12_p265.jpg
코론셋 2등 P/D,265-001-015-100,15100,"블랙, 화이트",∅175×H190,E26×2,,,266,c:\Users\skyjw\Downloads\MK12_JPG\MK12_p266.jpg
비너스 1등 P/D,265-002-022-100,22100,화이트,∅250×H250,E26×1,,,266,c:\Users\skyjw\Downloads\MK12_JPG\MK12_p266.jpg
미니갓 1등 P/D,265-003-004-200,4200,"블랙, 화이트",∅140×H80,E26×1,,,266,c:\Users\skyjw\Downloads\MK12_JPG\MK12_p266.jpg
티니 1등 P/D,265-004-007-700,7700,"화이트, 우드",∅150×H340,E26×1,,,266,c:\Users\skyjw\Downloads\MK12_JPG\MK12_p266.jpg
라빈에 1등 P/D,265-005-010-800,10800,"화이트, 우드",∅210×H215,E26×1,,,266,c:\Users\skyjw\Downloads\MK12_JPG\MK12_p266.jpg
블루밍 1등 P/D A타입,265-006-011-400,11400,화이트,∅140×H300,E26×1,,,266,c:\Users\skyjw\Downloads\MK12_JPG\MK12_p266.jpg
모브 1등 P/D,265-007-020-800,20800,"화이트, 우드",∅210×H110,"E26×1 (별매G95, 에디슨A60)",,"전선: 최대 2M, 화이트 + 투명코드",266,c:\Users\skyjw\Downloads\MK12_JPG\MK12_p266.jpg
브로클린 1등 P/D (흑색),265-008-007-700,7700,"흑색, 동골구",∅310×H240,E26×1,,,266,c:\Users\skyjw\Downloads\MK12_JPG\MK12_p266.jpg
아본느 1등 P/D,265-009-006-900,6900,흑색,∅220×H120,E26×1,,,266,c:\Users\skyjw\Downloads\MK12_JPG\MK12_p266.jpg
리비엔 1등 P/D,265-010-010-800,10800,"흑색, ST64",∅290×H280,"E26×1 (별매, ST64)",,,266,c:\Users\skyjw\Downloads\MK12_JPG\MK12_p266.jpg
멜팅 1등 P/D,266-001-048-000,48000,"크롬, 골드, 로즈골드",Ø260×H470,E26×1,,,267,c:\Users\skyjw\Downloads\MK12_JPG\MK12_p267.jpg
틴티드 1등 P/D,266-002-036-400,36400,"흑유리, 브론즈유리",Ø250×H305,E26×1,,,267,c:\Users\skyjw\Downloads\MK12_JPG\MK12_p267.jpg
알린 1등 P/D,266-003-031-200,31200,"화이트, 브론즈, 그린",Ø250×H170,E26×1,,,267,c:\Users\skyjw\Downloads\MK12_JPG\MK12_p267.jpg
포즈 1등 P/D A타입,266-004-021-600,21600,"블랙, 투명, 레드, 옐로우, 그린",W100×H230,E26×1,,,267,c:\Users\skyjw\Downloads\MK12_JPG\MK12_p267.jpg
포즈 1등 P/D B타입,266-005-021-600,21600,"블랙, 투명, 레드, 옐로우, 그린",W125×H190,E26×1,,,267,c:\Users\skyjw\Downloads\MK12_JPG\MK12_p267.jpg
포즈 1등 P/D C타입,267-001-025-200,25200,"블랙, 투명",W140×H210,E26×1,,,268,c:\Users\skyjw\Downloads\MK12_JPG\MK12_p268.jpg
포즈 1등 P/D D타입,267-002-028-800,28800,"블랙, 투명",W200×H130,E26×1,,,268,c:\Users\skyjw\Downloads\MK12_JPG\MK12_p268.jpg
포즈 1등 P/D E타입,267-003-028-800,28800,"블랙, 투명, 화이트",W220×H140,E26×1,,,268,c:\Users\skyjw\Downloads\MK12_JPG\MK12_p268.jpg
커플 1등 P/D,267-005-024-000,24000,화이트,Ø210×H140,E26×1,,,268,c:\Users\skyjw\Downloads\MK12_JPG\MK12_p268.jpg
핑클 1등 P/D,267-006-024-000,24000,화이트,Ø210×H140,E26×1,,,268,c:\Users\skyjw\Downloads\MK12_JPG\MK12_p268.jpg
그린 1등 P/D,267-007-024-000,24000,화이트,Ø215×H140,E26×1,,,268,c:\Users\skyjw\Downloads\MK12_JPG\MK12_p268.jpg
유리 멜란홀 1등 P/D,267-008-030-000,30000,투명 유리,W100×H100,G9 (별매),,,268,c:\Users\skyjw\Downloads\MK12_JPG\MK12_p268.jpg
모니카 3등 P/D,268-001-147-600,147600,"투명, 화이트, 민트, 핑크",W650×D170×H200 / E26×3,,,,269,c:\Users\skyjw\Downloads\MK12_JPG\MK12_p269.jpg
모니카 1등 P/D,268-002-057-600,57600,"투명, 화이트, 민트, 핑크",Ø220×H200 / E26×1,,,,269,c:\Users\skyjw\Downloads\MK12_JPG\MK12_p269.jpg
프로즌 1등 P/D,268-003-026-700,26700,샤틴,,E26×1 (별매),,"무드등(하향), 유리갓",269,c:\Users\skyjw\Downloads\MK12_JPG\MK12_p269.jpg
프로즌 1등 P/D,268-004-024-100,24100,바탐,,E26×1 (별매),,"무드등(하향), 유리갓",269,c:\Users\skyjw\Downloads\MK12_JPG\MK12_p269.jpg
프로즌 1등 P/D,268-005-028-000,28000,C타입,,E26×1 (별매),,"무드등(하향), 유리갓",269,c:\Users\skyjw\Downloads\MK12_JPG\MK12_p269.jpg
프로즌 1등 P/D,268-006-020-800,20800,D타입,,E26×1 (별매),,"무드등(하향), 유리갓",269,c:\Users\skyjw\Downloads\MK12_JPG\MK12_p269.jpg
라인 1등 P/D 200,269-001-017-400,17400,"블랙, 화이트",W52×H200,전선: 최대 4M / GU10 (LED 전용),,,270,c:\Users\skyjw\Downloads\MK12_JPG\MK12_p270.jpg
라인 1등 P/D 200,269-002-021-000,21000,"크롬, 베이지, 모카",W52×H200,전선: 최대 4M / GU10 (LED 전용),,,270,c:\Users\skyjw\Downloads\MK12_JPG\MK12_p270.jpg
라인 1등 P/D 300,269-003-019-800,19800,"블랙, 화이트",W52×H300,전선: 최대 4M / GU10 (LED 전용),,,270,c:\Users\skyjw\Downloads\MK12_JPG\MK12_p270.jpg
라인 1등 P/D 300,269-004-024-600,24600,"크롬, 베이지, 모카",W52×H300,전선: 최대 4M / GU10 (LED 전용),,,270,c:\Users\skyjw\Downloads\MK12_JPG\MK12_p270.jpg
라인 1등 P/D 400,269-005-021-600,21600,"블랙, 화이트",W52×H400,전선: 최대 4M / GU10 (LED 전용),,,270,c:\Users\skyjw\Downloads\MK12_JPG\MK12_p270.jpg
라인 1등 P/D 400,269-006-027-600,27600,"크롬, 베이지, 모카",W52×H400,전선: 최대 4M / GU10 (LED 전용),,,270,c:\Users\skyjw\Downloads\MK12_JPG\MK12_p270.jpg
라인 1등 P/D 600,269-007-033-600,33600,"블랙, 화이트",W52×H600,전선: 최대 4M / GU10 (LED 전용),,,270,c:\Users\skyjw\Downloads\MK12_JPG\MK12_p270.jpg
라인 1등 P/D 600,269-008-039-600,39600,"크롬, 민트, 베이지, 모카",W52×H600,전선: 최대 4M / GU10 (LED 전용),,,270,c:\Users\skyjw\Downloads\MK12_JPG\MK12_p270.jpg
라인 1등 P/D 800,269-009-038-400,38400,"블랙, 화이트",W52×H800,전선: 최대 4M / GU10 (LED 전용),,,270,c:\Users\skyjw\Downloads\MK12_JPG\MK12_p270.jpg
라인 1등 P/D 800,269-010-045-600,45600,"크롬, 민트, 베이지, 모카",W52×H800,전선: 최대 4M / GU10 (LED 전용),,,270,c:\Users\skyjw\Downloads\MK12_JPG\MK12_p270.jpg
라인 1등 P/D 200,269-011-026-400,26400,골드,W52×H200,전선: 4M / GU10 (LED 전용),,,270,c:\Users\skyjw\Downloads\MK12_JPG\MK12_p270.jpg
라인 1등 P/D 300,269-012-031-200,31200,골드,W52×H300,전선: 4M / GU10 (LED 전용),,,270,c:\Users\skyjw\Downloads\MK12_JPG\MK12_p270.jpg
라인 1등 P/D 400,269-013-036-000,36000,골드,W52×H400,전선: 4M / GU10 (LED 전용),,,270,c:\Users\skyjw\Downloads\MK12_JPG\MK12_p270.jpg
라인 1등 P/D 200,269-014-027-000,27000,크롬,W52×H200,전선: 4M / GU10 (LED 전용),,,270,c:\Users\skyjw\Downloads\MK12_JPG\MK12_p270.jpg
라인 1등 P/D 300,269-015-032-400,32400,크롬,W52×H300,전선: 4M / GU10 (LED 전용),,,270,c:\Users\skyjw\Downloads\MK12_JPG\MK12_p270.jpg
라인 1등 P/D 400,269-016-037-200,37200,크롬,W52×H400,전선: 4M / GU10 (LED 전용),,,270,c:\Users\skyjw\Downloads\MK12_JPG\MK12_p270.jpg
브리니 1등 P/D,270-001-010-700,10700,화이트,Ø300×H150,E26,,,271,c:\Users\skyjw\Downloads\MK12_JPG\MK12_p271.jpg
글로리아 1등 P/D,270-002-015-000,15000,브론즈,Ø300×H180,E26,,,271,c:\Users\skyjw\Downloads\MK12_JPG\MK12_p271.jpg
쿠마니 P/D,270-003-015-100,15100,화이트,Ø360×H160,E26,,,271,c:\Users\skyjw\Downloads\MK12_JPG\MK12_p271.jpg
미미 라인 1등 P/D,270-004-046-800,46800,"골드, 실버",W200×H240,GU10,,,271,c:\Users\skyjw\Downloads\MK12_JPG\MK12_p271.jpg
앤커 1등 P/D 155,270-005-028-800,28800,"블랙, 화이트",W60×D60×H105,GU10 LED전용,,,271,c:\Users\skyjw\Downloads\MK12_JPG\MK12_p271.jpg
앤커 1등 P/D 155,270-006-032-400,32400,"민트, 로즈, 골드, 코랄",W60×D60×H105,GU10 LED전용,,,271,c:\Users\skyjw\Downloads\MK12_JPG\MK12_p271.jpg
앤커 1등 P/D 155,270-007-040-800,40800,모카,W60×D60×H105,GU10 LED전용,,,271,c:\Users\skyjw\Downloads\MK12_JPG\MK12_p271.jpg
앤커 1등 P/D 85,270-008-021-600,21600,"블랙, 화이트",W60×D60×H105,GU10 LED전용,,,271,c:\Users\skyjw\Downloads\MK12_JPG\MK12_p271.jpg
앤커 1등 P/D 85,270-009-024-000,24000,"골드, 민트, 모카",W60×D60×H105,GU10 LED전용,,,271,c:\Users\skyjw\Downloads\MK12_JPG\MK12_p271.jpg
앤커 1등 P/D 105,270-010-030-000,30000,골드,W60×D60×H105,GU10 LED전용,,,271,c:\Users\skyjw\Downloads\MK12_JPG\MK12_p271.jpg
앤커 1등 P/D 매입형 후렌치 변경,270-011-000-600,600,"블랙, 화이트, 골드, 코랄, 민트, 모카",Ø105×H2,,,,271,c:\Users\skyjw\Downloads\MK12_JPG\MK12_p271.jpg
비드등 1등 P/D,271-001-027-600,27600,화이트 유리,,,,,272,c:\Users\skyjw\Downloads\MK12_JPG\MK12_p272.jpg
비드등 1등 P/D,271-002-032-400,32400,화이트 유리,,,,,272,c:\Users\skyjw\Downloads\MK12_JPG\MK12_p272.jpg
비드등 1등 P/D,271-003-037-200,37200,화이트 유리,,,,,272,c:\Users\skyjw\Downloads\MK12_JPG\MK12_p272.jpg
비드등 1등 P/D,271-004-045-600,45600,화이트 유리,,,,,272,c:\Users\skyjw\Downloads\MK12_JPG\MK12_p272.jpg
비드등 1등 P/D,271-005-060-000,60000,화이트 유리,,,,,272,c:\Users\skyjw\Downloads\MK12_JPG\MK12_p272.jpg
비드등 1등 P/D,271-006-074-400,74400,화이트 유리,,,,,272,c:\Users\skyjw\Downloads\MK12_JPG\MK12_p272.jpg
샐린 1등 P/D,271-007-024-900,24900,골드,W255×D175×H410,E26×1 (별매),,,272,c:\Users\skyjw\Downloads\MK12_JPG\MK12_p272.jpg
필립 1등 P/D,271-008-022-800,22800,골드,W300×D175×H300,E26×1 (별매),,,272,c:\Users\skyjw\Downloads\MK12_JPG\MK12_p272.jpg
헬라 1등 P/D,271-009-021-900,21900,골드,W290×D175×H730,E26×1 (별매),,,272,c:\Users\skyjw\Downloads\MK12_JPG\MK12_p272.jpg
그레이스 1등 P/D,271-010-012-700,12700,,Ø340×H340,E26×1,,,272,c:\Users\skyjw\Downloads\MK12_JPG\MK12_p272.jpg
스윈 1등 P/D,271-011-011-900,11900,,Ø280×H280,E26×1,,,272,c:\Users\skyjw\Downloads\MK12_JPG\MK12_p272.jpg
라탄 갓 1등 P/D 大,272-001-033-800,33800,,Ø450,E26×1,,,273,c:\Users\skyjw\Downloads\MK12_JPG\MK12_p273.jpg
라탄 갓 1등 P/D 小,272-002-017-600,17600,,Ø300,E26×1,,,273,c:\Users\skyjw\Downloads\MK12_JPG\MK12_p273.jpg
누디 라탄 1등 P/D,272-003-029-300,29300,,Ø240×H310,E26×1,,,273,c:\Users\skyjw\Downloads\MK12_JPG\MK12_p273.jpg
초코디 라탄 3등 P/D,272-004-059-800,59800,,Ø540×H305,E26×3,,"주문품: 에디슨 G80, 리턴스틸",273,c:\Users\skyjw\Downloads\MK12_JPG\MK12_p273.jpg
팬드 라탄 1등 P/D,272-005-024-600,24600,,Ø400×H230,E26×1,,,273,c:\Users\skyjw\Downloads\MK12_JPG\MK12_p273.jpg
우디 라탄 1등 P/D,272-006-036-900,36900,,Ø500,E26×1,,,273,c:\Users\skyjw\Downloads\MK12_JPG\MK12_p273.jpg
버터플라이 라탄 1등 P/D 中,272-007-029-500,29500,,W550×H280,E26×1,,,273,c:\Users\skyjw\Downloads\MK12_JPG\MK12_p273.jpg
버터플라이 라탄 1등 P/D 小,272-008-024-600,24600,,W450×H280,E26×1,,,273,c:\Users\skyjw\Downloads\MK12_JPG\MK12_p273.jpg
루프 3등 P/D,273-001-087-600,87600,화이트,W530×D190×H165,E17×3 (별매),,"화이트, 골드",274,c:\Users\skyjw\Downloads\MK12_JPG\MK12_p274.jpg
루프 3등 P/D,273-002-091-200,91200,골드,W530×D190×H165,E17×3 (별매),,"화이트, 골드",274,c:\Users\skyjw\Downloads\MK12_JPG\MK12_p274.jpg
루프 3등 직부,273-003-066-000,66000,화이트,W530×D190×H165,E17×3 (별매),,"화이트, 골드",274,c:\Users\skyjw\Downloads\MK12_JPG\MK12_p274.jpg
루프 3등 직부,273-004-070-800,70800,골드,W530×D190×H165,E17×3 (별매),,"화이트, 골드",274,c:\Users\skyjw\Downloads\MK12_JPG\MK12_p274.jpg
루프 4등 직부,273-005-126-000,126000,화이트,W875×D190×H165,E17×4 (별매),,"화이트, 골드",274,c:\Users\skyjw\Downloads\MK12_JPG\MK12_p274.jpg
루프 4등 직부,273-006-124-800,124800,골드,W875×D190×H165,E17×4 (별매),,"화이트, 골드",274,c:\Users\skyjw\Downloads\MK12_JPG\MK12_p274.jpg
프리티 3등 P/D,273-007-058-500,58500,크리스탈+스틸,W800×D140×H390,E26×3,,크리스탈+스틸,274,c:\Users\skyjw\Downloads\MK12_JPG\MK12_p274.jpg
스틱원 사각 1등 P/D,273-008-025-200,25200,크리스탈+스틸,W140×D140×H165,E26×1,,크리스탈+스틸,274,c:\Users\skyjw\Downloads\MK12_JPG\MK12_p274.jpg
케이막 6등 P/D,273-009-144-000,144000,골드,W800×D350×H160,E17×6 (별매),,"골드, 스노우+백유리",274,c:\Users\skyjw\Downloads\MK12_JPG\MK12_p274.jpg
케이막 4등 P/D,273-010-108-000,108000,골드,W580×D350×H160,E17×4 (별매),,"골드, 스노우+백유리",274,c:\Users\skyjw\Downloads\MK12_JPG\MK12_p274.jpg
미르 18등 P/D,274-001-314-400,314400,골드,W840×H480,G9(LED겸용)×18,,,275,c:\Users\skyjw\Downloads\MK12_JPG\MK12_p275.jpg
미르 12등 P/D,274-002-201-600,201600,골드,W610×H480,G9(LED겸용)×12,,,275,c:\Users\skyjw\Downloads\MK12_JPG\MK12_p275.jpg
미르 일자 10등 P/D,274-003-192-000,192000,골드,W1300×D385×H200,G9(LED겸용)×10,,,275,c:\Users\skyjw\Downloads\MK12_JPG\MK12_p275.jpg
미르 일자 6등 P/D,274-004-123-600,123600,골드,W675×D385×H200,G9(LED겸용)×6,,,275,c:\Users\skyjw\Downloads\MK12_JPG\MK12_p275.jpg
멜로 3등 P/D,274-005-070-800,70800,"페이퍼 300, 500",W710×D210×H300,E26×3,,,275,c:\Users\skyjw\Downloads\MK12_JPG\MK12_p275.jpg
멜로 2등 P/D,274-006-042-000,42000,"페이퍼 300, 500",W410×D210×H300,E26×2,,,275,c:\Users\skyjw\Downloads\MK12_JPG\MK12_p275.jpg
멜로 1등 P/D (센서 겸용),274-007-070-600,70600,"페이퍼 150, 250, 350",W270×D210×H300,E26×1,,모델 인증,275,c:\Users\skyjw\Downloads\MK12_JPG\MK12_p275.jpg
라인 일자 5등 P/D_V타입,275-001-110-400,110400,"블랙, 화이트",W1050×D50×H170,GU10(LED 전용),,"연결대 50, 300, 400",276,c:\Users\skyjw\Downloads\MK12_JPG\MK12_p276.jpg
라인 일자 5등 P/D_V타입,275-002-132-000,132000,골드,W1050×D50×H170,GU10(LED 전용),,"연결대 50, 300, 400",276,c:\Users\skyjw\Downloads\MK12_JPG\MK12_p276.jpg
라인 일자 3등 P/D_V타입,275-003-081-600,81600,"블랙, 화이트",580×50×H170,GU10(LED 전용),,"연결대 50, 300, 400",276,c:\Users\skyjw\Downloads\MK12_JPG\MK12_p276.jpg
라인 일자 3등 P/D_V타입,275-004-092-400,92400,골드,580×50×H170,GU10(LED 전용),,"연결대 50, 300, 400",276,c:\Users\skyjw\Downloads\MK12_JPG\MK12_p276.jpg
뉴 플라워 9등 직부,275-005-103-200,103200,골드 바디,Ø950×H300,E26×9,,"전구 선택: 와트수, 플리커",276,c:\Users\skyjw\Downloads\MK12_JPG\MK12_p276.jpg
뉴 플라워 9등 직부,275-006-103-200,103200,화이트 바디,Ø950×H300,E26×9,,"전구 선택: 와트수, 플리커",276,c:\Users\skyjw\Downloads\MK12_JPG\MK12_p276.jpg
뉴 플라워 7등 직부,275-007-076-800,76800,골드 바디,Ø850×H300,E26×7,,"전구 선택: 와트수, 플리커",276,c:\Users\skyjw\Downloads\MK12_JPG\MK12_p276.jpg
뉴 플라워 7등 직부,275-008-076-800,76800,화이트 바디,Ø850×H300,E26×7,,"전구 선택: 와트수, 플리커",276,c:\Users\skyjw\Downloads\MK12_JPG\MK12_p276.jpg
뉴 플라워 4등 직부,275-009-040-800,40800,골드 바디,Ø500×H260,E26×4,,"전구 선택: 와트수, 플리커",276,c:\Users\skyjw\Downloads\MK12_JPG\MK12_p276.jpg
뉴 플라워 4등 직부,275-010-040-800,40800,화이트 바디,Ø500×H260,E26×4,,"전구 선택: 와트수, 플리커",276,c:\Users\skyjw\Downloads\MK12_JPG\MK12_p276.jpg
뉴 플라워 1등 P/D,275-011-018-000,18000,골드 바디,Ø250×H250,E26×1,,"전구 선택: 와트수, 플리커",276,c:\Users\skyjw\Downloads\MK12_JPG\MK12_p276.jpg
뉴 플라워 1등 P/D,275-012-018-000,18000,화이트 바디,Ø250×H250,E26×1,,"전구 선택: 와트수, 플리커",276,c:\Users\skyjw\Downloads\MK12_JPG\MK12_p276.jpg
뷰티 식탁 3등 P/D,276-001-087-600,87600,,W700×D150×H200,E26×3,,"아이보리, 네이비, 패브릭",277,c:\Users\skyjw\Downloads\MK12_JPG\MK12_p277.jpg
뷰티 3등 P/D,276-002-075-600,75600,,W460×H360,E26×3,,"아이보리, 네이비, 패브릭",277,c:\Users\skyjw\Downloads\MK12_JPG\MK12_p277.jpg
뷰티 5등 P/D,276-003-126-000,126000,,W480×H360,E26×5,,"아이보리, 네이비, 패브릭",277,c:\Users\skyjw\Downloads\MK12_JPG\MK12_p277.jpg
뷰티 6등 직부,276-004-144-000,144000,,W640×H250,E26×6,,"아이보리, 네이비, 패브릭",277,c:\Users\skyjw\Downloads\MK12_JPG\MK12_p277.jpg
뷰티 8등 직부,276-005-207-600,207600,,W780×H250,E26×8,,"아이보리, 네이비, 패브릭",277,c:\Users\skyjw\Downloads\MK12_JPG\MK12_p277.jpg
뷰티 일자 3등 직부,276-006-062-400,62400,,W650×D140×H200,E26×3,,"아이보리, 네이비, 패브릭",277,c:\Users\skyjw\Downloads\MK12_JPG\MK12_p277.jpg
뷰티 일자 5등 직부,276-007-112-800,112800,,W1050×D140×H200,E26×5,,"아이보리, 네이비, 패브릭",277,c:\Users\skyjw\Downloads\MK12_JPG\MK12_p277.jpg
LED 올리비아 5등 P/D,277-001-157-300,157300,골드,W870×D110×H180,LED 30W,4000K,,278,c:\Users\skyjw\Downloads\MK12_JPG\MK12_p278.jpg
LED 애플 7등 P/D,277-002-204-100,204100,골드,W850×D300×H300,LED 30W,3000K,,278,c:\Users\skyjw\Downloads\MK12_JPG\MK12_p278.jpg
이지스 5등 P/D,277-003-147-600,147600,브론즈,"W1130×D225×H120 (메인 100, 200, 300)",E17램프별매5,,스틸+유리,278,c:\Users\skyjw\Downloads\MK12_JPG\MK12_p278.jpg
실루 7등 P/D,277-004-093-500,93500,흑니켈,W900×D330×H650,E17램프별매7,,,278,c:\Users\skyjw\Downloads\MK12_JPG\MK12_p278.jpg
버블볼 7등 P/D,277-005-074-100,74100,골드,W780×D300×H300,E17램프별매7,,,278,c:\Users\skyjw\Downloads\MK12_JPG\MK12_p278.jpg
버블볼 4등 P/D,277-006-047-500,47500,골드,W580×D350×H330,E17램프별매4,,,278,c:\Users\skyjw\Downloads\MK12_JPG\MK12_p278.jpg
아치 라운드 6등 P/D,278-001-188-400,188400,브론즈,W1050×H290,G9(별도판매)×6,,"유백유리, 염황유리",279,c:\Users\skyjw\Downloads\MK12_JPG\MK12_p279.jpg
아치 라운드 4등 P/D,278-002-157-200,157200,브론즈,W780×H290,G9(별도판매)×4,,"유백유리, 염황유리",279,c:\Users\skyjw\Downloads\MK12_JPG\MK12_p279.jpg
아치 18등 P/D,278-003-528-000,528000,브론즈,,G9(별도판매)×18,,"유백유리, 염황유리",279,c:\Users\skyjw\Downloads\MK12_JPG\MK12_p279.jpg
아치 18등 P/D,278-004-354-000,354000,블랙,,G9(별도판매)×18,,"유백유리, 염황유리",279,c:\Users\skyjw\Downloads\MK12_JPG\MK12_p279.jpg
아치 10등 P/D,278-005-276-000,276000,브론즈,W820×Ø820×H200,G9(별도판매)×10,,"유백유리, 염황유리",279,c:\Users\skyjw\Downloads\MK12_JPG\MK12_p279.jpg
아치 10등 P/D,278-006-188-400,188400,블랙,W820×Ø820×H200,G9(별도판매)×10,,"유백유리, 염황유리",279,c:\Users\skyjw\Downloads\MK12_JPG\MK12_p279.jpg
야치 5등 P/D,279-001-138-000,138000,브론즈,W400×D400×H560,G9(전구포함),,"브론즈, 블랙, 유리외, 철외유리",280,c:\Users\skyjw\Downloads\MK12_JPG\MK12_p280.jpg
야치 5등 P/D,279-002-093-600,93600,블랙,W400×D400×H560,G9(전구포함),,"브론즈, 블랙, 유리외, 철외유리",280,c:\Users\skyjw\Downloads\MK12_JPG\MK12_p280.jpg
야치 3등 P/D,279-003-082-800,82800,브론즈,W300×D300×H550,G9(전구포함)×3,,"브론즈, 블랙, 유리외유리, 철외유리",280,c:\Users\skyjw\Downloads\MK12_JPG\MK12_p280.jpg
야치 3등 P/D,279-004-062-400,62400,블랙,W300×D300×H550,G9(전구포함)×3,,"브론즈, 블랙, 유리외유리, 철외유리",280,c:\Users\skyjw\Downloads\MK12_JPG\MK12_p280.jpg
야치 5등 일자 P/D,279-005-135-600,135600,브론즈,W1200×D110×H150,5구(전구포함),,"브론즈, 블랙, 유리외유리, 철외유리",280,c:\Users\skyjw\Downloads\MK12_JPG\MK12_p280.jpg
야치 5등 일자 P/D,279-006-092-400,92400,블랙,W1200×D110×H150,5구(전구포함),,"브론즈, 블랙, 유리외유리, 철외유리",280,c:\Users\skyjw\Downloads\MK12_JPG\MK12_p280.jpg
야치 3등 일자 P/D,279-007-091-200,91200,브론즈,W680×D110×H150,3구(전구포함)×3,,"브론즈, 블랙, 유리외유리, 철외유리",280,c:\Users\skyjw\Downloads\MK12_JPG\MK12_p280.jpg
야치 3등 일자 P/D,279-008-062-400,62400,블랙,W680×D110×H150,3구(전구포함)×3,,"브론즈, 블랙, 유리외유리, 철외유리",280,c:\Users\skyjw\Downloads\MK12_JPG\MK12_p280.jpg
야치 1등 P/D 大,279-009-037-200,37200,브론즈,∅200,G9(전구포함),,"브론즈, 유리외유리, 철외유리",280,c:\Users\skyjw\Downloads\MK12_JPG\MK12_p280.jpg
야치 1등 P/D 大,279-010-032-400,32400,브론즈,∅200,G9(전구포함),,"브론즈, 유리외유리, 철외유리",280,c:\Users\skyjw\Downloads\MK12_JPG\MK12_p280.jpg
야치 1등 P/D 大,279-011-030-000,30000,브론즈,∅200,G9(전구포함),,"브론즈, 유리외유리, 철외유리",280,c:\Users\skyjw\Downloads\MK12_JPG\MK12_p280.jpg
야치 1등 P/D 大,279-012-007-200,7200,블랙,∅200,G9(전구포함),,"블랙, 유리외유리, 철외유리",280,c:\Users\skyjw\Downloads\MK12_JPG\MK12_p280.jpg
야치 1등 P/D 大,279-013-022-200,22200,블랙,∅200,G9(전구포함),,"블랙, 유리외유리, 철외유리",280,c:\Users\skyjw\Downloads\MK12_JPG\MK12_p280.jpg
야치 1등 P/D 大,279-014-019-800,19800,블랙,∅200,G9(전구포함),,"블랙, 유리외유리, 철외유리",280,c:\Users\skyjw\Downloads\MK12_JPG\MK12_p280.jpg
다이아 2등 P/D 小,280-001-016-700,16700,블랙,W600×D600×H250,E26×2,,"블랙, 골드, 로즈골드",281,c:\Users\skyjw\Downloads\MK12_JPG\MK12_p281.jpg
다이아 2등 P/D 小,280-002-024-600,24600,골드,W600×D600×H250,E26×2,,"블랙, 골드, 로즈골드",281,c:\Users\skyjw\Downloads\MK12_JPG\MK12_p281.jpg
다이아 2등 P/D 小,280-003-025-800,25800,로즈골드,W600×D600×H250,E26×2,,"블랙, 골드, 로즈골드",281,c:\Users\skyjw\Downloads\MK12_JPG\MK12_p281.jpg
다이아 1등 P/D 小,280-004-008-200,8200,"블랙, 브라운",∅265×H205,E26×1,,"블랙, 브라운, 골드, 로즈골드",281,c:\Users\skyjw\Downloads\MK12_JPG\MK12_p281.jpg
다이아 1등 P/D 小,280-005-011-900,11900,"골드, 로즈골드",∅265×H205,E26×1,,"블랙, 브라운, 골드, 로즈골드",281,c:\Users\skyjw\Downloads\MK12_JPG\MK12_p281.jpg
다이아 1등 P/D 大,280-006-011-100,11100,블랙,W310×D340×H255,E26×1,,"블랙, 로즈골드",281,c:\Users\skyjw\Downloads\MK12_JPG\MK12_p281.jpg
다이아 1등 P/D 大,280-007-015-600,15600,로즈골드,W310×D340×H255,E26×1,,"블랙, 로즈골드",281,c:\Users\skyjw\Downloads\MK12_JPG\MK12_p281.jpg
다이아 1등 P/D 특大,280-008-017-100,17100,골드,W370×D390×H280,E26×1,,골드,281,c:\Users\skyjw\Downloads\MK12_JPG\MK12_p281.jpg
케이지 3등 P/D,281-001-031-200,31200,,W770×D250×H250,E26×3,,,282,c:\Users\skyjw\Downloads\MK12_JPG\MK12_p282.jpg
케이지 2등 P/D,281-002-025-900,25900,,W725×D250×H250,E26×2,,,282,c:\Users\skyjw\Downloads\MK12_JPG\MK12_p282.jpg
케이지 1등 P/D,281-003-007-200,7200,,Ø210×H200,E26×1,,,282,c:\Users\skyjw\Downloads\MK12_JPG\MK12_p282.jpg
별 3등 P/D,281-004-018-000,18000,블랙,W500×D170×H180,E26×3,,,282,c:\Users\skyjw\Downloads\MK12_JPG\MK12_p282.jpg
별 2등 P/D,281-005-012-500,12500,블랙,W350×D170×H180,E26×2,,,282,c:\Users\skyjw\Downloads\MK12_JPG\MK12_p282.jpg
별 1등 P/D,281-006-006-200,6200,"블랙, 화이트",W250×D250×H200,E26×1,,,282,c:\Users\skyjw\Downloads\MK12_JPG\MK12_p282.jpg
별 1등 P/D,281-007-008-500,8500,골드,W250×D250×H200,E26×1,,,282,c:\Users\skyjw\Downloads\MK12_JPG\MK12_p282.jpg
토피아 3등 P/D,281-008-036-000,36000,블랙,W640×D180×H170,E26×3,,절개+원목,282,c:\Users\skyjw\Downloads\MK12_JPG\MK12_p282.jpg
자전거 2등 P/D,281-009-016-800,16800,블랙,W580×D20×H385,E26×2,,,282,c:\Users\skyjw\Downloads\MK12_JPG\MK12_p282.jpg
트윙클 1등 P/D,281-010-011-000,11000,골드,W280×D45×H340,E26×1,,,282,c:\Users\skyjw\Downloads\MK12_JPG\MK12_p282.jpg
봄 1등 P/D,281-011-010-000,10000,블랙,Ø135×H200,E26×1,,,282,c:\Users\skyjw\Downloads\MK12_JPG\MK12_p282.jpg
플렉스 2등 P/D,281-012-012-800,12800,"블랙, 화이트",W430×D250×H450,E26×2,,,282,c:\Users\skyjw\Downloads\MK12_JPG\MK12_p282.jpg
플렉스 1등 P/D,281-013-006-000,6000,"블랙, 화이트",W250×D250×H290,E26×1,,,282,c:\Users\skyjw\Downloads\MK12_JPG\MK12_p282.jpg
정기산업 2등 P/D,282-002-034-100,34100,블랙,W860×D360×H500~670,E26×2,,현장 조절 가능,283,c:\Users\skyjw\Downloads\MK12_JPG\MK12_p283.jpg
정기산업 3등 P/D,282-001-045-000,45000,블랙,W1200×D360×H500~670,E26×3,,현장 조절 가능,283,c:\Users\skyjw\Downloads\MK12_JPG\MK12_p283.jpg
브래스 3등 P/D,282-003-026-400,26400,,W690×D145×H210,E26×3,,체인 조절 가능,283,c:\Users\skyjw\Downloads\MK12_JPG\MK12_p283.jpg
에빗 1등 P/D,282-004-002-600,2600,"블랙, 화이트",Ø40×H55,E26×1,,,283,c:\Users\skyjw\Downloads\MK12_JPG\MK12_p283.jpg
라벨리 9등 P/D,282-005-068-900,68900,로즈골드,Ø680×D600×H310,E26×1,,,283,c:\Users\skyjw\Downloads\MK12_JPG\MK12_p283.jpg
라벨리 6등 P/D,282-006-051-600,51600,로즈골드,Ø640×D450×H310,E26×1,,,283,c:\Users\skyjw\Downloads\MK12_JPG\MK12_p283.jpg
보노 6등 직부,282-007-025-500,25500,"블랙, 화이트",W810×H230,E26×6,,,283,c:\Users\skyjw\Downloads\MK12_JPG\MK12_p283.jpg
보노 6등 직부,282-008-041-600,41600,로즈골드,W810×H230,E26×6,,,283,c:\Users\skyjw\Downloads\MK12_JPG\MK12_p283.jpg
LED 뉴크림 2인치 COB 일체형 (DC타입),126-001-009-100,9100,무광 화이트,Ø70×H52mm (타공Ø51),LED 7W,"주백색, 전구색","알루미늄+아크릴, 맞교환 A/S 1년",127,c:\Users\skyjw\Downloads\MK12_JPG\MK12_p127.jpg
LED 에코 뉴크림 3인치 COB 일체형 (DC타입),126-002-011-100,11100,무광 화이트,"Ø100×H65mm (타공Ø80, 매입높이 70mm)",LED 8W,"5700K, 4000K, 3000K","알루미늄+아크릴, 플리커프리, KS, 현장 A/S 1년",127,c:\Users\skyjw\Downloads\MK12_JPG\MK12_p127.jpg
LED 에코 뉴크림 4인치 COB 일체형 (DC타입),126-003-013-000,13000,무광 화이트,"Ø120×H80mm (타공Ø105, 매입높이 85mm)",LED 12W,"5700K, 4000K, 3000K","알루미늄+아크릴, 플리커프리, KS, 현장 A/S 1년",127,c:\Users\skyjw\Downloads\MK12_JPG\MK12_p127.jpg
위티 8등 직부,283-001-112-800,112800,"블랙, 화이트",W800×D800×H220,E26×8,,,284,c:\Users\skyjw\Downloads\MK12_JPG\MK12_p284.jpg
위티 6등 직부,283-002-085-200,85200,"블랙, 화이트",W650×D650×H220,E26×6,,,284,c:\Users\skyjw\Downloads\MK12_JPG\MK12_p284.jpg
베르디 6등 직부,283-003-025-400,25400,블랙,Ø520×H180,E26×6,,,284,c:\Users\skyjw\Downloads\MK12_JPG\MK12_p284.jpg
미샤 8등 직부,283-004-060-800,60800,로즈골드,W700×D620×H145,E26×8,,,284,c:\Users\skyjw\Downloads\MK12_JPG\MK12_p284.jpg
카트 일자 5등 직부,283-005-037-700,37700,블랙,W1000×D180×H170,E26×5,,,284,c:\Users\skyjw\Downloads\MK12_JPG\MK12_p284.jpg
샤샤 일자 5등 직부,283-006-037-100,37100,블랙,W990×D60×H140,E26×5,,,284,c:\Users\skyjw\Downloads\MK12_JPG\MK12_p284.jpg
샤샤 일자 3등 직부,283-007-022-900,22900,블랙,W550×D60×H140,E26×3,,,284,c:\Users\skyjw\Downloads\MK12_JPG\MK12_p284.jpg
미니갓 주방 5등,283-008-024-600,24600,화이트,W1000×D140×H155,E26,,,284,c:\Users\skyjw\Downloads\MK12_JPG\MK12_p284.jpg
미니갓 주방 4등,283-009-020-100,20100,"화이트, 블랙",W800×D140×H155,E26,,,284,c:\Users\skyjw\Downloads\MK12_JPG\MK12_p284.jpg
미니갓 주방 3등,283-010-015-600,15600,"화이트, 블랙",W600×D140×H155,E26,,,284,c:\Users\skyjw\Downloads\MK12_JPG\MK12_p284.jpg
LED 스노우맨 1등 P/D_A타입(블랙),284-001-052-900,52900,블랙바디,Ø160×H390 (줄길이:700mm),LED 15W,주백색,,285,c:\Users\skyjw\Downloads\MK12_JPG\MK12_p285.jpg
LED 스노우맨 1등 P/D_B타입(레드),284-002-064-400,64400,블랙바디,Ø180×H460 (줄길이:700mm),LED 15W,주백색,,285,c:\Users\skyjw\Downloads\MK12_JPG\MK12_p285.jpg
LED 스노우맨 1등 P/D_C타입(그린),284-003-064-400,64400,블랙바디,Ø180×H460 (줄길이:700mm),LED 15W,주백색,,285,c:\Users\skyjw\Downloads\MK12_JPG\MK12_p285.jpg
LED 크로스 P/D,285-001-153-000,153000,샴페인골드바디+크리스탈,"W550×H350 (브라켓:250, 줄길이:1000mm)",LED 50W,주광색+전구색,,286,c:\Users\skyjw\Downloads\MK12_JPG\MK12_p286.jpg
LED 엘립스 3등 P/D,285-002-134-600,134600,샴페인골드바디+아크릴,"W570×D120×H310 (브라켓:450, 줄길이:1000mm)",LED 30W,전구색,,286,c:\Users\skyjw\Downloads\MK12_JPG\MK12_p286.jpg
LED 반지 3등 P/D,285-003-120-800,120800,샴페인골드바디,W670×H200 (줄길이:1000mm),LED 25W,주백색,,286,c:\Users\skyjw\Downloads\MK12_JPG\MK12_p286.jpg
LED 디올 4등 P/D,286-001-154-100,154100,골드바디,W640×D220×H220 (줄길이:1000mm),LED 40W,주백색,,287,c:\Users\skyjw\Downloads\MK12_JPG\MK12_p287.jpg
LED 디올 6등 P/D,286-002-201-300,201300,골드바디,W980×D180×H220 (줄길이:1000mm),LED 60W,주백색,,287,c:\Users\skyjw\Downloads\MK12_JPG\MK12_p287.jpg
LED 비렉스 5등 P/D,286-003-136-900,136900,골드바디+아크릴,W740×D380×H270 (줄길이:1000mm),LED 60W,주백색,,287,c:\Users\skyjw\Downloads\MK12_JPG\MK12_p287.jpg
LED 비렉스 8등 P/D,286-004-161-000,161000,골드바디+아크릴,W920×D380×H270 (줄길이:1000mm),LED 60W,주백색,,287,c:\Users\skyjw\Downloads\MK12_JPG\MK12_p287.jpg
LED 트윙클 P/D,287-001-241-500,241500,샴페인골드바디,"W1060×D360×H150 (후렌치:350×180, 줄길이:1000mm)",LED 60W,주백색,,288,c:\Users\skyjw\Downloads\MK12_JPG\MK12_p288.jpg
LED 클럽 P/D,287-002-155-300,155300,골드바디+크리스탈,W800×D110×H110 (줄길이:1000mm),LED 40W,주백색,,288,c:\Users\skyjw\Downloads\MK12_JPG\MK12_p288.jpg
LED 파인애플 P/D,287-003-105-800,105800,블랙바디+아크릴,W780×D130×H130 (줄길이:1000mm),LED 40W,주백색,,288,c:\Users\skyjw\Downloads\MK12_JPG\MK12_p288.jpg
LED 뿔구 7등 P/D,288-001-195-500,195500,골드바디+아크릴,"Ø110×7EA (브라켓:630×175, 줄길이:1000mm)",LED 80W,전구색,,289,c:\Users\skyjw\Downloads\MK12_JPG\MK12_p289.jpg
LED 뿔구 7등 일자형 P/D,288-002-195-500,195500,골드바디+아크릴,"Ø110×7EA (브라켓:1100×90, 줄길이:1000mm)",LED 80W,전구색,,289,c:\Users\skyjw\Downloads\MK12_JPG\MK12_p289.jpg
LED 뿔구 5등 P/D,288-003-140-300,140300,골드바디+아크릴,"Ø110×5EA (브라켓:700×90, 줄길이:1000mm)",LED 50W,전구색,,289,c:\Users\skyjw\Downloads\MK12_JPG\MK12_p289.jpg
LED 뿔구 3등 P/D,288-004-079-400,79400,골드바디+아크릴,"Ø110×3EA (브라켓:450, 줄길이:1000mm)",LED 30W,전구색,,289,c:\Users\skyjw\Downloads\MK12_JPG\MK12_p289.jpg
LED 뿔구 2등 P/D,288-005-057-500,57500,골드바디+아크릴,"Ø110×2EA (브라켓:450, 줄길이:1000mm)",LED 20W,전구색,,289,c:\Users\skyjw\Downloads\MK12_JPG\MK12_p289.jpg
LED 뿔구 1등 P/D,288-006-030-500,30500,골드바디+아크릴,"Ø110×1EA (브라켓:110, 줄길이:1000mm)",LED 20W,전구색,,289,c:\Users\skyjw\Downloads\MK12_JPG\MK12_p289.jpg
아이스 1등 P/D,289-001-044-300,44300,샴페인골드바디+유리,W80×D100×H240 (줄길이:1000),E26,,,290,c:\Users\skyjw\Downloads\MK12_JPG\MK12_p290.jpg
한복 P/D,290-001-038-500,38500,"그레이+블랙, 브라운+블랙",Ø350×H320 (줄길이:800mm),E26,,갓 회전 가능,291,c:\Users\skyjw\Downloads\MK12_JPG\MK12_p291.jpg
글래스 1등 P/D_A타입,291-001-017-000,17000,청브론즈+유리,"Ø150×H200 (브라켓:130, 줄길이:1000)",E26,,,292,c:\Users\skyjw\Downloads\MK12_JPG\MK12_p292.jpg
글래스 1등 P/D_B타입,291-002-020-000,20000,청브론즈+유리,"Ø180×H180 (브라켓:130, 줄길이:1000)",E26,,,292,c:\Users\skyjw\Downloads\MK12_JPG\MK12_p292.jpg
글래스 1등 P/D_C타입,291-003-023-000,23000,청브론즈+유리,"Ø200×H150 (브라켓:130, 줄길이:1000)",E26,,,292,c:\Users\skyjw\Downloads\MK12_JPG\MK12_p292.jpg
사탕 1등 P/D_A타입,291-004-021-000,21000,샴페인골드+청색+유리,Ø280×H240 (줄길이:1000),E26,,,292,c:\Users\skyjw\Downloads\MK12_JPG\MK12_p292.jpg
사탕 1등 P/D_B타입,291-005-023-000,23000,샴페인골드+청색+유리,Ø200×H260 (줄길이:1000),E26,,,292,c:\Users\skyjw\Downloads\MK12_JPG\MK12_p292.jpg
사탕 1등 P/D_C타입,291-006-032-500,32500,샴페인골드+청색+유리,Ø330×H300 (줄길이:1000),E26,,,292,c:\Users\skyjw\Downloads\MK12_JPG\MK12_p292.jpg
프린세스12등 P/D,292-001-313-200,313200,골드,Ø470×H885,E17×12 (촛대구),,,293,c:\Users\skyjw\Downloads\MK12_JPG\MK12_p293.jpg
프린세스6등 P/D,292-002-207-600,207600,골드,Ø470×H505,E17×6 (촛대구),,,293,c:\Users\skyjw\Downloads\MK12_JPG\MK12_p293.jpg
뷰티8등 P/D,292-003-088-800,88800,화이트 골드,Ø770×H550,E17×8 (촛대구),,,293,c:\Users\skyjw\Downloads\MK12_JPG\MK12_p293.jpg
라엘르 12등 크리스탈 P/D (화이트),293-001-169-000,169000,화이트,"Ø490×H490 (후렌치:Ø107×H30, 브라켓:92mm)",E14×12,,"전선길이 2.1M, 체인길이 2M, 스틸+크리스탈",294,c:\Users\skyjw\Downloads\MK12_JPG\MK12_p294.jpg
라엘르 12등 크리스탈 P/D (무지개),293-002-180-700,180700,무지개,"Ø490×H490 (후렌치:Ø107×H30, 브라켓:92mm)",E14×12,,"전선길이 2.1M, 체인길이 2M, 스틸+크리스탈",294,c:\Users\skyjw\Downloads\MK12_JPG\MK12_p294.jpg
라엘르 12등 크리스탈 P/D (블랙/골드),293-003-188-500,188500,블랙/골드,"Ø490×H490 (후렌치:Ø107×H30, 브라켓:92mm)",E14×12,,"전선길이 2.1M, 체인길이 2M, 스틸+크리스탈",294,c:\Users\skyjw\Downloads\MK12_JPG\MK12_p294.jpg
그레이스 5등 P/D,294-001-169-200,169200,브론즈,Ø700×H400,E26×5,,,295,c:\Users\skyjw\Downloads\MK12_JPG\MK12_p295.jpg
그레이스 3등 P/D,294-002-110-400,110400,브론즈,Ø470×H370,E26×3,,,295,c:\Users\skyjw\Downloads\MK12_JPG\MK12_p295.jpg
아베끄 6등 P/D,294-003-162-500,162500,샴페인 골드,"Ø720×H590 (후렌치:Ø130×H30, 전선:3M, 체인:3M)",E17×6,,스틸+유리+패브릭,295,c:\Users\skyjw\Downloads\MK12_JPG\MK12_p295.jpg
아비엥토 6등 P/D,294-004-149-500,149500,브론즈 골드,"Ø750×H500 (후렌치:Ø135×H30, 전선:3M, 체인:3M)",E17×6,,스틸+유리,295,c:\Users\skyjw\Downloads\MK12_JPG\MK12_p295.jpg
도도 크리스탈 8등 P/D,294-005-566-400,566400,골드,W860×H476,E17×8 (콘벌브),,,295,c:\Users\skyjw\Downloads\MK12_JPG\MK12_p295.jpg
도도 크리스탈 6등 P/D,294-006-453-600,453600,골드,W700×H476,E17×6 (콘벌브),,,295,c:\Users\skyjw\Downloads\MK12_JPG\MK12_p295.jpg
칸델라 11등 P/D,295-001-362-700,362700,골드,Ø680×H430,E17×11 (콘벌브),,,296,c:\Users\skyjw\Downloads\MK12_JPG\MK12_p296.jpg
엔젤링 크리스탈 10등 P/D,295-002-327-600,327600,골드,Ø450×H520,E17×10 (콘벌브),,,296,c:\Users\skyjw\Downloads\MK12_JPG\MK12_p296.jpg
에메랄드 9등 P/D,295-003-398-400,398400,골드,Ø900×H670,E14×9 (콘벌브),,반제품,296,c:\Users\skyjw\Downloads\MK12_JPG\MK12_p296.jpg
제시카 크리스탈 10등 P/D,295-004-365-300,365300,골드,Ø550×H600,E17×10 (콘벌브),,,296,c:\Users\skyjw\Downloads\MK12_JPG\MK12_p296.jpg
레이나 11등 P/D,295-005-362-700,362700,골드,Ø580×H400,E17×11 (콘벌브),,,296,c:\Users\skyjw\Downloads\MK12_JPG\MK12_p296.jpg
클레어 9등 P/D,295-006-304-200,304200,골드,Ø540×H370 (체인:H1000),E17×9 (콘벌브),,,296,c:\Users\skyjw\Downloads\MK12_JPG\MK12_p296.jpg
클레어 9등 직부,295-007-304-200,304200,골드,Ø540×H370,E17×9 (콘벌브),,,296,c:\Users\skyjw\Downloads\MK12_JPG\MK12_p296.jpg
르멘스 30등 P/D,296-001-1020-000,1020000,샴페인골드,"Ø1000×H330 (후렌치:Ø150×H25, 선길이:2M, 파이프:300,600)",E14×30,,스틸+유리,297,c:\Users\skyjw\Downloads\MK12_JPG\MK12_p297.jpg
앙고라 18등 P/D,296-002-762-000,762000,골드 도금,"Ø800×H920 (후렌치:Ø150×H50, 전선:1.8M, 체인:0.5M)",E14×18,,스틸+크리스탈,297,c:\Users\skyjw\Downloads\MK12_JPG\MK12_p297.jpg
앙고라 12등 P/D,296-003-420-000,420000,골드 도금,"Ø600×H730 (후렌치:Ø150×H50, 전선:1.8M, 체인:0.8M)",E14×12,,스틸+크리스탈,297,c:\Users\skyjw\Downloads\MK12_JPG\MK12_p297.jpg
레이즐링 23등 직부,297-001-741-000,741000,골드/크리스탈,Ø1000×H480,E14×23 (콘벌브),,,298,c:\Users\skyjw\Downloads\MK12_JPG\MK12_p298.jpg
레이즐링 23등 P/D,297-002-767-000,767000,골드/크리스탈,Ø1000×H480,E14×23 (콘벌브),,,298,c:\Users\skyjw\Downloads\MK12_JPG\MK12_p298.jpg
레이즐링 15등 직부,297-003-448-500,448500,골드/크리스탈,Ø800×H445,E14×15 (콘벌브),,,298,c:\Users\skyjw\Downloads\MK12_JPG\MK12_p298.jpg
레이즐링 15등 P/D,297-004-474-500,474500,골드/크리스탈,Ø800×H445,E14×15 (콘벌브),,,298,c:\Users\skyjw\Downloads\MK12_JPG\MK12_p298.jpg
레이즐링 8등 직부,297-005-257-400,257400,골드/크리스탈,Ø600×H400,E14×8 (콘벌브),,,298,c:\Users\skyjw\Downloads\MK12_JPG\MK12_p298.jpg
레이즐링 8등 P/D,297-006-283-400,283400,골드/크리스탈,Ø600×H400,E14×8 (콘벌브),,,298,c:\Users\skyjw\Downloads\MK12_JPG\MK12_p298.jpg
레이즐링 4등 직부,297-007-135-200,135200,골드/크리스탈,Ø400×H320,E14×4 (콘벌브),,,298,c:\Users\skyjw\Downloads\MK12_JPG\MK12_p298.jpg
레이즐링 4등 P/D,297-008-154-700,154700,골드/크리스탈,Ø400×H320,E14×4 (콘벌브),,,298,c:\Users\skyjw\Downloads\MK12_JPG\MK12_p298.jpg
칼리아 18등 P/D,298-001-754-000,754000,유리가지+크리스탈,Ø1000×H940,E14×18 (촛대구),,,299,c:\Users\skyjw\Downloads\MK12_JPG\MK12_p299.jpg
칼리아 8등 P/D,298-002-253-500,253500,유리가지+크리스탈,Ø750×H665,E14×8 (촛대구),,,299,c:\Users\skyjw\Downloads\MK12_JPG\MK12_p299.jpg
라벨리아 9등 P/D,299-001-244-400,244400,골드 도금,"Ø840×H800 (후렌치:Ø120×H25, 전선:2.4M, 체인:1.85M)",E17×9,,크리스탈+스틸,300,c:\Users\skyjw\Downloads\MK12_JPG\MK12_p300.jpg
라벨리아 6등 P/D,299-002-156-000,156000,골드 도금,"Ø730×H460 (후렌치:Ø120×H25, 전선:2.4M, 체인:1.85M)",E17×6,,크리스탈+스틸,300,c:\Users\skyjw\Downloads\MK12_JPG\MK12_p300.jpg
라벨리아 3등 P/D,299-003-117-000,117000,골드 도금,"Ø560×H470 (후렌치:Ø120×H25, 전선:2.4M, 체인:1.8M)",E17×3,,크리스탈+스틸,300,c:\Users\skyjw\Downloads\MK12_JPG\MK12_p300.jpg
로코코 5등 P/D,299-004-091-800,91800,화이트,Ø440×H280 (체인길이:1000),E17×5,,,300,c:\Users\skyjw\Downloads\MK12_JPG\MK12_p300.jpg
LED 에코 코이 4인치 COB 원형 직부 10W,300-001-018-200,18200,"블랙, 화이트",Ø78×H160,LED COB 10W,3000K,"철제, 플리커프리, 현장 A/S 1년",301,c:\Users\skyjw\Downloads\MK12_JPG\MK12_p301.jpg
LED 에코 코이 3인치 COB 원형 직부 5W,300-002-011-700,11700,"블랙, 화이트",Ø63×H125,LED COB 5W,"5700K, 4000K, 3000K","철제, 플리커프리, 현장 A/S 1년",301,c:\Users\skyjw\Downloads\MK12_JPG\MK12_p301.jpg
LED 에코 로아 COB 직부 10W,300-003-026-000,26000,화이트,"전체Ø85×H135, 설치면지름Ø80",LED COB 10W,"5700K, 4000K, 3000K","플리커프리, 현장 A/S 1년",301,c:\Users\skyjw\Downloads\MK12_JPG\MK12_p301.jpg
LED 에코 마샤 4인치 COB 원형 직부 10W,301-001-015-600,15600,"블랙, 화이트",Ø85×H88,LED COB 10W,3000K,"철제, 플리커프리, 현장 A/S 1년",302,c:\Users\skyjw\Downloads\MK12_JPG\MK12_p302.jpg
LED 에코 마샤 3인치 COB 원형 직부 7W,301-002-009-800,9800,"블랙, 화이트",Ø75×H80,LED COB 7W,3000K,"철제, 플리커프리, 현장 A/S 1년",302,c:\Users\skyjw\Downloads\MK12_JPG\MK12_p302.jpg
LED 에코 리디노 COB 원형 직부 20W,301-003-013-000,13000,화이트,Ø120×H100,LED COB 20W,"3000K, 4000K","플리커프리, 현장 A/S 1년",302,c:\Users\skyjw\Downloads\MK12_JPG\MK12_p302.jpg
LED 에코 모즈 3구 직부 COB 24W,302-001-031-200,31200,"블랙, 화이트",W114×D332×H55,LED COB 24W,"3000K, 4000K","플리커프리, 현장 A/S 1년",303,c:\Users\skyjw\Downloads\MK12_JPG\MK12_p303.jpg
LED 에코 모즈 2구 직부 COB 15W,302-002-020-800,20800,"블랙, 화이트",W114×D224×H55,LED COB 15W,"3000K, 4000K","플리커프리, 현장 A/S 1년",303,c:\Users\skyjw\Downloads\MK12_JPG\MK12_p303.jpg
LED 에코 모즈 1구 직부 COB 8W,302-003-010-400,10400,"블랙, 화이트",W114×D114×H55,LED COB 8W,"3000K, 4000K","플리커프리, 현장 A/S 1년",303,c:\Users\skyjw\Downloads\MK12_JPG\MK12_p303.jpg
써클 롱스틱 COB 직부 10W,303-001-032-500,32500,"블랙, 화이트",Ø71×H189,LED COB 10W,3000K,현장 A/S 1년,304,c:\Users\skyjw\Downloads\MK12_JPG\MK12_p304.jpg
스퀘어 롱스틱 COB 직부 8W,303-002-032-500,32500,"블랙, 화이트",W60×D60×H183,LED COB 8W,3000K,현장 A/S 1년,304,c:\Users\skyjw\Downloads\MK12_JPG\MK12_p304.jpg
COB 로사 직부 12W,303-003-017-800,17800,"블랙, 화이트",Ø100×H110,LED COB 12W,3000K,CREE칩,304,c:\Users\skyjw\Downloads\MK12_JPG\MK12_p304.jpg
COB 원통 직부 100 (8W),303-004-036-000,36000,"블랙, 화이트",Ø100×D100×H130,LED COB 8W,3000K,,304,c:\Users\skyjw\Downloads\MK12_JPG\MK12_p304.jpg
COB 원통 직부 75 (6W),303-005-026-400,26400,"블랙, 화이트",Ø75×D75×H130,LED COB 6W,3000K,,304,c:\Users\skyjw\Downloads\MK12_JPG\MK12_p304.jpg
COB 원통 직부 55 (3W),303-006-018-000,18000,"블랙, 화이트",Ø55×D55×H100,LED COB 3W,3000K,,304,c:\Users\skyjw\Downloads\MK12_JPG\MK12_p304.jpg
LED 동그랑 직부大 15W,305-001-017-400,17400,"블랙, 화이트",Ø115×H45,LED 15W,"3000K, 4000K","스틸, KS, 플리커프리",306,c:\Users\skyjw\Downloads\MK12_JPG\MK12_p306.jpg
LED 동그랑 직부大 15W,305-002-018-600,18600,골드,Ø115×H45,LED 15W,"3000K, 4000K","스틸, KS, 플리커프리",306,c:\Users\skyjw\Downloads\MK12_JPG\MK12_p306.jpg
LED 동그랑 직부小 10W,305-003-013-200,13200,"블랙, 화이트",Ø75×H45,LED 10W,"3000K, 4000K","스틸, KS, 플리커프리",306,c:\Users\skyjw\Downloads\MK12_JPG\MK12_p306.jpg
LED 동그랑 직부小 10W,305-004-014-400,14400,골드,Ø75×H45,LED 10W,"3000K, 4000K","스틸, KS, 플리커프리",306,c:\Users\skyjw\Downloads\MK12_JPG\MK12_p306.jpg
라인 매입 직부 100 V타입,306-001-015-000,15000,"블랙, 화이트",W52×H170 (타공Ø80),GU10 (LED전용),,주문제작 상품(재고문의),307,c:\Users\skyjw\Downloads\MK12_JPG\MK12_p307.jpg
라인 매입 직부 100 V타입,306-002-021-000,21000,골드,W52×H170 (타공Ø80),GU10 (LED전용),,주문제작 상품(재고문의),307,c:\Users\skyjw\Downloads\MK12_JPG\MK12_p307.jpg
라인 매입 직부 100 V타입,306-003-022-200,22200,크롬,W52×H170 (타공Ø80),GU10 (LED전용),,주문제작 상품(재고문의),307,c:\Users\skyjw\Downloads\MK12_JPG\MK12_p307.jpg
라인 매입 직부 200 V타입,306-004-019-200,19200,"블랙, 화이트",W52×H270 (타공Ø80),GU10 (LED전용),,주문제작 상품(재고문의),307,c:\Users\skyjw\Downloads\MK12_JPG\MK12_p307.jpg
라인 매입 직부 200 V타입,306-005-028-200,28200,골드,W52×H270 (타공Ø80),GU10 (LED전용),,주문제작 상품(재고문의),307,c:\Users\skyjw\Downloads\MK12_JPG\MK12_p307.jpg
라인 매입 직부 200 V타입,306-006-029-400,29400,크롬,W52×H270 (타공Ø80),GU10 (LED전용),,주문제작 상품(재고문의),307,c:\Users\skyjw\Downloads\MK12_JPG\MK12_p307.jpg
라인 매입 직부 300 V타입,306-007-022-800,22800,"블랙, 화이트",W52×H370 (타공Ø80),GU10 (LED전용),,주문제작 상품(재고문의),307,c:\Users\skyjw\Downloads\MK12_JPG\MK12_p307.jpg
라인 매입 직부 300 V타입,306-008-034-200,34200,골드,W52×H370 (타공Ø80),GU10 (LED전용),,주문제작 상품(재고문의),307,c:\Users\skyjw\Downloads\MK12_JPG\MK12_p307.jpg
라인 매입 직부 300 V타입,306-009-035-400,35400,크롬,W52×H370 (타공Ø80),GU10 (LED전용),,주문제작 상품(재고문의),307,c:\Users\skyjw\Downloads\MK12_JPG\MK12_p307.jpg
라인 직부 100 V타입,307-001-015-000,15000,"블랙, 화이트",Ø52×H180,GU10 (LED전용),,,308,c:\Users\skyjw\Downloads\MK12_JPG\MK12_p308.jpg
라인 직부 100 V타입,307-002-021-600,21600,골드,Ø52×H180,GU10 (LED전용),,,308,c:\Users\skyjw\Downloads\MK12_JPG\MK12_p308.jpg
라인 직부 100 V타입,307-003-022-800,22800,크롬,Ø52×H180,GU10 (LED전용),,,308,c:\Users\skyjw\Downloads\MK12_JPG\MK12_p308.jpg
라인 직부 200 V타입,307-004-018-000,18000,"블랙, 화이트",Ø52×H280,GU10 (LED전용),,,308,c:\Users\skyjw\Downloads\MK12_JPG\MK12_p308.jpg
라인 직부 200 V타입,307-005-027-600,27600,골드,Ø52×H280,GU10 (LED전용),,,308,c:\Users\skyjw\Downloads\MK12_JPG\MK12_p308.jpg
라인 직부 200 V타입,307-006-028-800,28800,크롬,Ø52×H280,GU10 (LED전용),,,308,c:\Users\skyjw\Downloads\MK12_JPG\MK12_p308.jpg
라인 직부 300 V타입,307-007-021-600,21600,"블랙, 화이트",Ø52×H380,GU10 (LED전용),,,308,c:\Users\skyjw\Downloads\MK12_JPG\MK12_p308.jpg
라인 직부 300 V타입,307-008-033-600,33600,골드,Ø52×H380,GU10 (LED전용),,,308,c:\Users\skyjw\Downloads\MK12_JPG\MK12_p308.jpg
라인 직부 300 V타입,307-009-034-800,34800,크롬,Ø52×H380,GU10 (LED전용),,,308,c:\Users\skyjw\Downloads\MK12_JPG\MK12_p308.jpg
라인 직부 100,307-010-008-400,8400,"블랙, 화이트",Ø50×H100,GU10 (LED전용),,,308,c:\Users\skyjw\Downloads\MK12_JPG\MK12_p308.jpg
라인 직부 100,307-011-012-000,12000,골드,Ø50×H100,GU10 (LED전용),,,308,c:\Users\skyjw\Downloads\MK12_JPG\MK12_p308.jpg
라인 직부 100,307-012-012-600,12600,크롬,Ø50×H100,GU10 (LED전용),,,308,c:\Users\skyjw\Downloads\MK12_JPG\MK12_p308.jpg
라인 직부 200,307-013-011-400,11400,"블랙, 화이트",Ø50×H200,GU10 (LED전용),,,308,c:\Users\skyjw\Downloads\MK12_JPG\MK12_p308.jpg
라인 직부 200,307-014-019-200,19200,골드,Ø50×H200,GU10 (LED전용),,,308,c:\Users\skyjw\Downloads\MK12_JPG\MK12_p308.jpg
라인 직부 200,307-015-019-800,19800,크롬,Ø50×H200,GU10 (LED전용),,,308,c:\Users\skyjw\Downloads\MK12_JPG\MK12_p308.jpg
라인 직부 300,307-016-013-800,13800,"블랙, 화이트",Ø50×H300,GU10 (LED전용),,,308,c:\Users\skyjw\Downloads\MK12_JPG\MK12_p308.jpg
라인 직부 300,307-017-024-000,24000,골드,Ø50×H300,GU10 (LED전용),,,308,c:\Users\skyjw\Downloads\MK12_JPG\MK12_p308.jpg
라인 직부 300,307-018-025-200,25200,크롬,Ø50×H300,GU10 (LED전용),,,308,c:\Users\skyjw\Downloads\MK12_JPG\MK12_p308.jpg
라인 직부 400,307-019-015-600,15600,"블랙, 화이트",Ø50×H400,GU10 (LED전용),,,308,c:\Users\skyjw\Downloads\MK12_JPG\MK12_p308.jpg
라인 직부 400,307-020-028-800,28800,골드,Ø50×H400,GU10 (LED전용),,,308,c:\Users\skyjw\Downloads\MK12_JPG\MK12_p308.jpg
라인 직부 400,307-021-030-000,30000,크롬,Ø50×H400,GU10 (LED전용),,,308,c:\Users\skyjw\Downloads\MK12_JPG\MK12_p308.jpg
라인 직부 600,307-022-027-600,27600,"블랙, 화이트",Ø50×H600,GU10 (LED전용),,,308,c:\Users\skyjw\Downloads\MK12_JPG\MK12_p308.jpg
라인 직부 800,307-023-032-400,32400,"블랙, 화이트",Ø50×H800,GU10 (LED전용),,,308,c:\Users\skyjw\Downloads\MK12_JPG\MK12_p308.jpg
P/D형 전선 및 후렌치,307-024-006-000,6000,"블랙, 화이트",,,,전선길이 4M,308,c:\Users\skyjw\Downloads\MK12_JPG\MK12_p308.jpg
P/D형 전선 및 후렌치,307-025-007-200,7200,"골드, 크롬",,,,전선길이 4M,308,c:\Users\skyjw\Downloads\MK12_JPG\MK12_p308.jpg
슬림 원통 직부 75,308-001-006-900,6900,"블랙, 화이트",Ø75×H155,"파20, 벌브",,,309,c:\Users\skyjw\Downloads\MK12_JPG\MK12_p309.jpg
슬림 원통 직부 75,308-002-009-900,9900,"실버, 골드, 로즈골드",Ø75×H155,"파20, 벌브",,,309,c:\Users\skyjw\Downloads\MK12_JPG\MK12_p309.jpg
슬림 원통 직부 105,308-003-010-100,10100,"블랙, 화이트",Ø105×H155,"파30, 볼구",,,309,c:\Users\skyjw\Downloads\MK12_JPG\MK12_p309.jpg
슬림 원통 직부 105,308-004-016-000,16000,"골드, 로즈골드",Ø105×H155,"파30, 볼구",,,309,c:\Users\skyjw\Downloads\MK12_JPG\MK12_p309.jpg
원통투투 갓 직부(골드갓) 100,309-001-015-000,15000,골드갓,Ø105×H145,GU10 (LED전용),,갓 높낮이 조절,310,c:\Users\skyjw\Downloads\MK12_JPG\MK12_p310.jpg
원통투투 갓 직부(골드갓) 200,309-002-018-600,18600,골드갓,Ø105×H245,GU10 (LED전용),,갓 높낮이 조절,310,c:\Users\skyjw\Downloads\MK12_JPG\MK12_p310.jpg
원통투투 갓 직부(골드갓) 300,309-003-022-200,22200,골드갓,Ø105×H345,GU10 (LED전용),,갓 높낮이 조절,310,c:\Users\skyjw\Downloads\MK12_JPG\MK12_p310.jpg
원통투투 갓 직부(골드갓) 400,309-004-025-800,25800,골드갓,Ø105×H445,GU10 (LED전용),,갓 높낮이 조절,310,c:\Users\skyjw\Downloads\MK12_JPG\MK12_p310.jpg
"원통투투 갓 직부(블랙갓,화이트갓) 100",309-005-013-800,13800,"블랙갓, 화이트갓",Ø105×H145,GU10 (LED전용),,갓 높낮이 조절,310,c:\Users\skyjw\Downloads\MK12_JPG\MK12_p310.jpg
"원통투투 갓 직부(블랙갓,화이트갓) 200",309-006-017-400,17400,"블랙갓, 화이트갓",Ø105×H245,GU10 (LED전용),,갓 높낮이 조절,310,c:\Users\skyjw\Downloads\MK12_JPG\MK12_p310.jpg
"원통투투 갓 직부(블랙갓,화이트갓) 300",309-007-021-000,21000,"블랙갓, 화이트갓",Ø105×H345,GU10 (LED전용),,갓 높낮이 조절,310,c:\Users\skyjw\Downloads\MK12_JPG\MK12_p310.jpg
"원통투투 갓 직부(블랙갓,화이트갓) 400",309-008-024-600,24600,"블랙갓, 화이트갓",Ø105×H445,GU10 (LED전용),,갓 높낮이 조절,310,c:\Users\skyjw\Downloads\MK12_JPG\MK12_p310.jpg
원통 직부 V타입 75,310-001-020-400,20400,"블랙, 화이트",Ø75×H230,E26×1,,주문제작 상품(재고문의),311,c:\Users\skyjw\Downloads\MK12_JPG\MK12_p311.jpg
원통 직부 V타입 75,310-002-028-800,28800,골드,Ø75×H230,E26×1,,주문제작 상품(재고문의),311,c:\Users\skyjw\Downloads\MK12_JPG\MK12_p311.jpg
원통 직부 V타입 75,310-003-030-000,30000,크롬,Ø75×H230,E26×1,,주문제작 상품(재고문의),311,c:\Users\skyjw\Downloads\MK12_JPG\MK12_p311.jpg
원통 직부 V타입 105,310-004-021-600,21600,"블랙, 화이트",Ø105×H230,E26×1,,주문제작 상품(재고문의),311,c:\Users\skyjw\Downloads\MK12_JPG\MK12_p311.jpg
원통 직부 V타입 105,310-005-030-000,30000,골드,Ø105×H230,E26×1,,주문제작 상품(재고문의),311,c:\Users\skyjw\Downloads\MK12_JPG\MK12_p311.jpg
원통 직부 V타입 105,310-006-031-200,31200,크롬,Ø105×H230,E26×1,,주문제작 상품(재고문의),311,c:\Users\skyjw\Downloads\MK12_JPG\MK12_p311.jpg
원통 매입 직부 V타입 75,310-007-019-200,19200,"블랙, 화이트",Ø75×H220,E26×1,,주문제작 상품(재고문의),311,c:\Users\skyjw\Downloads\MK12_JPG\MK12_p311.jpg
원통 매입 직부 V타입 75,310-008-028-800,28800,골드,Ø75×H220,E26×1,,주문제작 상품(재고문의),311,c:\Users\skyjw\Downloads\MK12_JPG\MK12_p311.jpg
원통 매입 직부 V타입 75,310-009-030-600,30600,크롬,Ø75×H220,E26×1,,주문제작 상품(재고문의),311,c:\Users\skyjw\Downloads\MK12_JPG\MK12_p311.jpg
원통 매입 직부 V타입 105,310-010-020-400,20400,"블랙, 화이트",Ø105×H220,E26×1,,주문제작 상품(재고문의),311,c:\Users\skyjw\Downloads\MK12_JPG\MK12_p311.jpg
원통 매입 직부 V타입 105,310-011-030-000,30000,골드,Ø105×H220,E26×1,,주문제작 상품(재고문의),311,c:\Users\skyjw\Downloads\MK12_JPG\MK12_p311.jpg
원통 매입 직부 V타입 105,310-012-031-200,31200,크롬,Ø105×H220,E26×1,,주문제작 상품(재고문의),311,c:\Users\skyjw\Downloads\MK12_JPG\MK12_p311.jpg
LED 뷰티 센서/직부 겸용 20W (크리스탈),311-001-055-200,55200,화이트,W300×H170,LED 20W,4200K,"크리스탈, 모듈 미포함",312,c:\Users\skyjw\Downloads\MK12_JPG\MK12_p312.jpg
LED 뷰티 센서/직부 겸용 20W (크리스탈),311-002-056-400,56400,골드,W300×H170,LED 20W,4200K,"크리스탈, 모듈 미포함",312,c:\Users\skyjw\Downloads\MK12_JPG\MK12_p312.jpg
LED 뷰티 센서/직부 겸용 20W (PC),311-003-051-600,51600,화이트,W300×H170,LED 20W,4200K,"PC, 모듈 미포함",312,c:\Users\skyjw\Downloads\MK12_JPG\MK12_p312.jpg
LED 뷰티 센서/직부 겸용 20W (PC),311-004-052-800,52800,골드,W300×H170,LED 20W,4200K,"PC, 모듈 미포함",312,c:\Users\skyjw\Downloads\MK12_JPG\MK12_p312.jpg
LED 르벨라 센서/직부 겸용 20W,311-005-045-500,45500,골드,Ø400×H140,LED 20W,3000K,모듈 미포함,312,c:\Users\skyjw\Downloads\MK12_JPG\MK12_p312.jpg
LED 리버 직부 45W,312-001-114-000,114000,"블랙, 골드",W500×H300,LED 45W,4000K,,313,c:\Users\skyjw\Downloads\MK12_JPG\MK12_p313.jpg
LED 티스넬 센서/직부 겸용 8W,312-002-033-600,33600,"블랙, 화이트",W280×D200×H70,LED 8W,4000K,모듈 미포함,313,c:\Users\skyjw\Downloads\MK12_JPG\MK12_p313.jpg
LED 미네뜨 센서/직부 겸용 15W,312-003-048-800,48800,골드,"Ø195×H95 (후렌치Ø130×H30, 가나구120)",LED 15W,4000K,"스틸+플라스틱, 모듈 미포함",313,c:\Users\skyjw\Downloads\MK12_JPG\MK12_p313.jpg
사각머신 1등 센서/직부 겸용,313-001-019-200,19200,"화이트, 그린",W160×D160×H190,E26×1,,모듈 미포함,314,c:\Users\skyjw\Downloads\MK12_JPG\MK12_p314.jpg
사각머신 1등 센서/직부 겸용,313-002-020-400,20400,골드,W160×D160×H190,E26×1,,모듈 미포함,314,c:\Users\skyjw\Downloads\MK12_JPG\MK12_p314.jpg
잼잼 원형 센서/직부 겸용,313-003-034-800,34800,브론즈,Ø180×H121,G9 (핀타입),,모듈 미포함,314,c:\Users\skyjw\Downloads\MK12_JPG\MK12_p314.jpg
벨리타 원형 센서/직부 겸용,313-004-010-300,10300,골드,W135×D134×H190,E26×1 (권장램프:에디슨 G80),,"크리스탈, 모듈 미포함",314,c:\Users\skyjw\Downloads\MK12_JPG\MK12_p314.jpg
플레타 원형 센서/직부 겸용,313-005-011-600,11600,골드,Ø160×H190,E26×1 (권장램프:에디슨 A60),,"크리스탈, 모듈 미포함",314,c:\Users\skyjw\Downloads\MK12_JPG\MK12_p314.jpg
루프 1등 센서/직부 겸용,314-001-031-200,31200,화이트,W230×D190×H165,E17×1,,모듈 미포함,315,c:\Users\skyjw\Downloads\MK12_JPG\MK12_p315.jpg
루프 1등 센서/직부 겸용,314-002-032-400,32400,골드,W230×D190×H165,E17×1,,모듈 미포함,315,c:\Users\skyjw\Downloads\MK12_JPG\MK12_p315.jpg
이지스 2등 센서/직부 겸용,314-003-051-600,51600,브론즈,W350×D120×H235,E17×2,,"유리, 모듈 미포함",315,c:\Users\skyjw\Downloads\MK12_JPG\MK12_p315.jpg
버블팝 2등 센서/직부 겸용,314-004-041-000,41000,골드,W345×D280×H280,E17×2,,모듈 미포함,315,c:\Users\skyjw\Downloads\MK12_JPG\MK12_p315.jpg
치타 2등 센서/직부 겸용,314-005-021-600,21600,브론즈,W360×D280×H95,E26×2,,모듈 미포함,315,c:\Users\skyjw\Downloads\MK12_JPG\MK12_p315.jpg
치타 2등 센서/직부 겸용,314-006-026-400,26400,로즈골드,W360×D280×H95,E26×2,,모듈 미포함,315,c:\Users\skyjw\Downloads\MK12_JPG\MK12_p315.jpg
멜 2등 센서/직부 겸용,314-007-019-200,19200,"블랙, 화이트",W320×D300×H90,E26×2,,모듈 미포함,315,c:\Users\skyjw\Downloads\MK12_JPG\MK12_p315.jpg
스틱 2등 센서/직부 겸용,315-001-054-000,54000,"골드, 화이트",W330×D180×H206,E17×2,,"크리스탈+철제, 모듈 미포함",316,c:\Users\skyjw\Downloads\MK12_JPG\MK12_p316.jpg
스틱 1등 센서/직부 겸용,315-002-033-600,33600,"골드, 화이트",W200×D200×H206,E17×1,,"크리스탈+철제, 모듈 미포함",316,c:\Users\skyjw\Downloads\MK12_JPG\MK12_p316.jpg
LED 마리사 1등 센서/직부/벽등 겸용,315-003-067-600,67600,골드,W170×D260×H240,LED 7W,3000K,모듈 미포함,316,c:\Users\skyjw\Downloads\MK12_JPG\MK12_p316.jpg
팝핑 1등 센서/직부 겸용,315-004-042-300,42300,골드,Ø220×H325,E26×1,,"철제+자개, 모듈 미포함",316,c:\Users\skyjw\Downloads\MK12_JPG\MK12_p316.jpg
모니카 1등 센서/직부 겸용,315-005-057-000,57000,"투명, 화이트, 민트, 핑크",Ø170×H200,E26×1,,모듈 미포함,316,c:\Users\skyjw\Downloads\MK12_JPG\MK12_p316.jpg
포즈 1등 센서/직부 겸용 (A타입),316-001-029-400,29400,"블랙, 투명, 레드, 옐로우, 그린",W120×H180,E26×1,,모듈 미포함,317,c:\Users\skyjw\Downloads\MK12_JPG\MK12_p317.jpg
포즈 1등 센서/직부 겸용 (B타입),316-002-029-400,29400,"블랙, 투명, 레드, 옐로우, 그린",W125×H170,E26×1,,모듈 미포함,317,c:\Users\skyjw\Downloads\MK12_JPG\MK12_p317.jpg
포즈 1등 센서/직부 겸용 (C타입),317-001-033-000,33000,"블랙, 투명",W140×H190,E26×1,,모듈 미포함,318,c:\Users\skyjw\Downloads\MK12_JPG\MK12_p318.jpg
포즈 1등 센서/직부 겸용 (D타입),317-002-036-600,36600,"블랙, 투명",W200×H100,E26×1,,모듈 미포함,318,c:\Users\skyjw\Downloads\MK12_JPG\MK12_p318.jpg
포즈 1등 센서/직부 겸용 (F타입),317-003-036-600,36600,"블랙, 투명",W200×H150,E26×1,,모듈 미포함,318,c:\Users\skyjw\Downloads\MK12_JPG\MK12_p318.jpg
빈스 직부등,317-004-003-200,3200,"블랙, 화이트",Ø115×H150,E26×1,,,318,c:\Users\skyjw\Downloads\MK12_JPG\MK12_p318.jpg
미니갓 직부등,317-005-003-500,3500,"블랙, 화이트",Ø145×H140,E26×1,,,318,c:\Users\skyjw\Downloads\MK12_JPG\MK12_p318.jpg
바네스 1등 센서/직부 겸용,318-001-019-500,19500,"블랙, 화이트, 그레이",W245×D120×H240,E26×1,,모듈 미포함,319,c:\Users\skyjw\Downloads\MK12_JPG\MK12_p319.jpg
케이팝 2등 센서/직부 겸용,318-002-057-400,57400,골드,W345×D290×H188,E17×2,,"스틸+유리, 모듈 미포함",319,c:\Users\skyjw\Downloads\MK12_JPG\MK12_p319.jpg
LED 더블링 센서/직부 겸용,318-003-044-400,44400,"블랙, 화이트, 골드",W210×H210,LED 10W,큰원4000K+작은원3000K,"스틸, 모듈 미포함",319,c:\Users\skyjw\Downloads\MK12_JPG\MK12_p319.jpg
트윙스타 센서/직부 겸용,318-004-032-500,32500,골드,Ø270×H210,E26×1 (권장램프:에디슨 A60),,"크리스탈, 모듈 미포함",319,c:\Users\skyjw\Downloads\MK12_JPG\MK12_p319.jpg
에덴 센서등,318-005-010-000,10000,블랙,Ø230×H205,E26×1,,모듈 미포함,319,c:\Users\skyjw\Downloads\MK12_JPG\MK12_p319.jpg
에덴 직부등,318-006-009-800,9800,블랙,Ø230×H205,E26×1,,모듈 미포함,319,c:\Users\skyjw\Downloads\MK12_JPG\MK12_p319.jpg
티코 센서/직부 겸용,319-001-014-300,14300,"블랙, 화이트",Ø160×H260,E26×1,,모듈 미포함,320,c:\Users\skyjw\Downloads\MK12_JPG\MK12_p320.jpg
버블 센서/직부 겸용,319-002-019-500,19500,블랙,Ø200×H140,E26×1,,모듈 미포함,320,c:\Users\skyjw\Downloads\MK12_JPG\MK12_p320.jpg
몬드 센서등,319-003-007-300,7300,블랙,Ø200×H190,E26×1,,모듈 미포함,320,c:\Users\skyjw\Downloads\MK12_JPG\MK12_p320.jpg
몬드 직부등,319-004-007-300,7300,블랙,Ø200×H190,E26×1,,모듈 미포함,320,c:\Users\skyjw\Downloads\MK12_JPG\MK12_p320.jpg
카트 1등 센서/직부 겸용,319-005-009-800,9800,블랙,W180×D180×H150,E26×1,,모듈 미포함,320,c:\Users\skyjw\Downloads\MK12_JPG\MK12_p320.jpg
카트 1등 센서/직부 겸용,319-006-013-700,13700,골드,W180×D180×H150,E26×1,,모듈 미포함,320,c:\Users\skyjw\Downloads\MK12_JPG\MK12_p320.jpg
케이지 센서등,319-007-007-500,7500,블랙,Ø235×H200,E26×1,,모듈 미포함,320,c:\Users\skyjw\Downloads\MK12_JPG\MK12_p320.jpg
케이지 직부등,319-008-007-700,7700,블랙,Ø235×H200,E26×1,,모듈 미포함,320,c:\Users\skyjw\Downloads\MK12_JPG\MK12_p320.jpg
케이지 센서등,319-009-015-100,15100,골드,Ø235×H200,E26×1,,모듈 미포함,320,c:\Users\skyjw\Downloads\MK12_JPG\MK12_p320.jpg
케이지 직부등,319-010-014-200,14200,골드,Ø235×H200,E26×1,,모듈 미포함,320,c:\Users\skyjw\Downloads\MK12_JPG\MK12_p320.jpg
미르 2등 센서/직부 겸용,320-001-033-000,33000,골드,W390×H125,G9(핀타입)×2,,모듈 미포함,321,c:\Users\skyjw\Downloads\MK12_JPG\MK12_p321.jpg
뷰티 1등 센서/직부 겸용,320-002-023-400,23400,"아이보리, 네이비",Ø150×D150×H220,E26×1,,모듈 미포함,321,c:\Users\skyjw\Downloads\MK12_JPG\MK12_p321.jpg
원 센서/직부 겸용,320-003-021-000,21000,"블랙, 화이트",Ø250×D150×H180,E26×1,,모듈 미포함,321,c:\Users\skyjw\Downloads\MK12_JPG\MK12_p321.jpg
원 센서/직부 겸용,320-004-037-200,37200,브론즈,Ø250×D150×H180,E26×1,,모듈 미포함,321,c:\Users\skyjw\Downloads\MK12_JPG\MK12_p321.jpg
미미 센서/직부 겸용,321-001-037-800,37800,브론즈,Ø200×H120,GU10,,모듈 미포함,322,c:\Users\skyjw\Downloads\MK12_JPG\MK12_p322.jpg
미미 센서/직부 겸용,321-002-036-600,36600,골드,Ø200×H120,GU10,,모듈 미포함,322,c:\Users\skyjw\Downloads\MK12_JPG\MK12_p322.jpg
미미 센서/직부 겸용,321-003-034-800,34800,실버,Ø200×H120,GU10,,모듈 미포함,322,c:\Users\skyjw\Downloads\MK12_JPG\MK12_p322.jpg
라인 육각 센서/직부 겸용,321-004-023-400,23400,"블랙, 화이트",W160×D140×H145,GU10,,모듈 미포함,322,c:\Users\skyjw\Downloads\MK12_JPG\MK12_p322.jpg
라인 육각 센서/직부 겸용,321-005-035-400,35400,골드,W160×D140×H145,GU10,,모듈 미포함,322,c:\Users\skyjw\Downloads\MK12_JPG\MK12_p322.jpg
라인 사각 센서/직부 겸용,321-006-022-200,22200,"블랙, 화이트",W140×D140×H145,GU10,,모듈 미포함,322,c:\Users\skyjw\Downloads\MK12_JPG\MK12_p322.jpg
라인 사각 센서/직부 겸용,321-007-033-000,33000,골드,W140×D140×H145,GU10,,모듈 미포함,322,c:\Users\skyjw\Downloads\MK12_JPG\MK12_p322.jpg
사각 직부,321-008-016-800,16800,"블랙, 화이트",W110×H150,E26×1,,,322,c:\Users\skyjw\Downloads\MK12_JPG\MK12_p322.jpg
사각 직부,321-009-032-400,32400,골드,W110×H150,E26×1,,,322,c:\Users\skyjw\Downloads\MK12_JPG\MK12_p322.jpg
토리 2등 센서/직부 겸용,322-001-048-600,48600,브론즈,W280×H155,G9(핀타입)×2,,"유백유리, 엠버유리, 모듈 미포함",323,c:\Users\skyjw\Downloads\MK12_JPG\MK12_p323.jpg
토리 2등 센서/직부 겸용,322-002-039-000,39000,블랙,W280×H155,G9(핀타입)×2,,"유백유리, 엠버유리, 모듈 미포함",323,c:\Users\skyjw\Downloads\MK12_JPG\MK12_p323.jpg
아치 2등 센서/직부 겸용,322-003-052-200,52200,브론즈,W340×D140×H140,G9(핀타입)×2,,"유백유리, 엠버유리, 모듈 미포함",323,c:\Users\skyjw\Downloads\MK12_JPG\MK12_p323.jpg
아치 1등 센서/직부 겸용,322-004-027-000,27000,브론즈,Ø130×D130×H150,G9(핀타입),,"유백유리, 엠버유리, 모듈 미포함",323,c:\Users\skyjw\Downloads\MK12_JPG\MK12_p323.jpg
아치 1등 센서/직부 겸용,322-005-021-000,21000,블랙,Ø130×D130×H150,G9(핀타입),,"유백유리, 엠버유리, 모듈 미포함",323,c:\Users\skyjw\Downloads\MK12_JPG\MK12_p323.jpg
러프 직부,323-001-018-600,18600,"브론즈, 크롬",Ø100×D100×H155,E26×1,,모듈 미포함,324,c:\Users\skyjw\Downloads\MK12_JPG\MK12_p324.jpg
스마트 원형 센서/직부 겸용,323-002-015-000,15000,"블랙, 화이트",Ø140×H90,E26×1,,모듈 미포함,324,c:\Users\skyjw\Downloads\MK12_JPG\MK12_p324.jpg
스마트 원형 센서/직부 겸용,323-003-022-200,22200,브론즈,Ø140×H90,E26×1,,모듈 미포함,324,c:\Users\skyjw\Downloads\MK12_JPG\MK12_p324.jpg
스마트 사각 센서/직부 겸용,323-004-017-400,17400,"블랙, 화이트",W140×D130×H90,E26×1,,모듈 미포함,324,c:\Users\skyjw\Downloads\MK12_JPG\MK12_p324.jpg
스마트 사각 센서/직부 겸용,323-005-024-600,24600,브론즈,W140×D130×H90,E26×1,,모듈 미포함,324,c:\Users\skyjw\Downloads\MK12_JPG\MK12_p324.jpg
LED 에코 카디프 COB 모션감지 디밍 B/R 5W,324-001-024-700,24700,무광 화이트,"W100×D81×H185 (브라켓185, 후렌치80×165)",LED COB 5W,삼색변환(6500K↔3000K),"KC, 플리커프리, 모션감지, 밝기디밍, IP20",325,c:\Users\skyjw\Downloads\MK12_JPG\MK12_p325.jpg
LED 에코 다슬 모션감지 디밍 B/R 5W,325-001-037-100,37100,무광 블랙,"W75×D73×H186 (브라켓154, 후렌치55×43×160)",LED 5W,삼색변환(6500K↔3000K),"KC, 플리커프리, 모션감지, 밝기디밍, IP20",326,c:\Users\skyjw\Downloads\MK12_JPG\MK12_p326.jpg
LED 에코 반니 모션감지 디밍 B/R 5W,325-002-028-600,28600,유광 골드,W80×D75×H170 (브라켓145),LED 5W,삼색변환(6500K↔3000K),"KC, 플리커프리, 모션감지, 밝기디밍, IP20",326,c:\Users\skyjw\Downloads\MK12_JPG\MK12_p326.jpg
LED 에코 세크 양면 모션감지 디밍 B/R 8W,325-003-031-200,31200,무광 블랙,"Ø90×D125×H190 (브라켓150, 후렌치70×155)",LED 8W,삼색변환(6500K↔3000K),"KC, 플리커프리, 모션감지, 밝기디밍, IP65",326,c:\Users\skyjw\Downloads\MK12_JPG\MK12_p326.jpg
LED 에코 나디아 사각 매입 스포트,326-001-028-600,28600,"블랙, 화이트, 실버, 골드",W110×D110×H75mm (타공Ø73),LED 3W,3000K,"각도조절가능, 플리커프리",327,c:\Users\skyjw\Downloads\MK12_JPG\MK12_p327.jpg
LED COB 케인 2등 B/R 8W,328-001-045-600,45600,"레드, 그린",W150×D90×H175,LED COB 8W,4000K,각도조절,329,c:\Users\skyjw\Downloads\MK12_JPG\MK12_p329.jpg
LED 오로라 COB B/R 8W,329-001-031-200,31200,"골드, 블랙, 화이트",W140×D95×H150,LED 8W,LED 3000K + COB 4000K,"스틸+아크릴, 360도 회전+각도조절 15도, KS",330,c:\Users\skyjw\Downloads\MK12_JPG\MK12_p330.jpg
루티스 1등 B/R,329-002-026-000,26000,블랙(무광),"W180×D290×H135 (후렌치120×25, 브라켓110)",E26×1 (추천램프:인치구),,스틸+유리,330,c:\Users\skyjw\Downloads\MK12_JPG\MK12_p330.jpg
프리지아 1등 원형 B/R,329-003-019-500,19500,화이트(무광),"W270×D340×H370 (후렌치100×20, 브라켓80)",E26×1 (추천램프:LED볼구G80),,PC,330,c:\Users\skyjw\Downloads\MK12_JPG\MK12_p330.jpg
LED 나트랑 라인 B/R 5W,330-001-033-800,33800,"화이트, 라이트 그레이, 오렌지",Ø135×D75×H135,LED 5W,3000K,,331,c:\Users\skyjw\Downloads\MK12_JPG\MK12_p331.jpg
벨사 1등 B/R,330-002-027-600,27600,골드,Ø140×H220 (브라켓Ø100×H25),E17×1,,"유리+스틸, 360도 회전, 각도조절 상하, KC",331,c:\Users\skyjw\Downloads\MK12_JPG\MK12_p331.jpg
LED 제이드 B/R 大 25W,330-003-052-000,52000,화이트(무광),"W60×D180×H575 (후렌치60×40×250, 브라켓185)",LED 25W,3000K,스틸+알루미늄,331,c:\Users\skyjw\Downloads\MK12_JPG\MK12_p331.jpg
LED 제이드 B/R 小 10W,330-004-028-600,28600,화이트(무광),"W60×D180×H295 (후렌치60×40×160, 브라켓137)",LED 10W,3000K,스틸+알루미늄,331,c:\Users\skyjw\Downloads\MK12_JPG\MK12_p331.jpg
LED 오네트 B/R 3W,331-001-054-000,54000,"실버, 크롬",W105×D105×H325,LED 3W,4000K,반사판 좌우회전,332,c:\Users\skyjw\Downloads\MK12_JPG\MK12_p332.jpg
LED 테스 B/R 大 20W,331-002-054-000,54000,"골드, 흑크롬",W50×D106×H700,LED 20W,4000K,,332,c:\Users\skyjw\Downloads\MK12_JPG\MK12_p332.jpg
LED 테스 B/R 中 10W,331-003-040-800,40800,"골드, 흑크롬",W50×D106×H400,LED 10W,4000K,,332,c:\Users\skyjw\Downloads\MK12_JPG\MK12_p332.jpg
LED 에코 디밍 라라 B/R 5W,332-001-037-700,37700,"골드(무광), 니켈(무광)","W80×D170×H76 (후렌치W50×D26×H150, 브라켓140)",LED 5W,3000K,"알루미늄+스틸, 플리커프리, 디밍",333,c:\Users\skyjw\Downloads\MK12_JPG\MK12_p333.jpg
LED 에코 이루 B/R 3W,332-002-032-500,32500,"블랙, 화이트",W75×D180×H50,LED 3W,3000K,플리커프리,333,c:\Users\skyjw\Downloads\MK12_JPG\MK12_p333.jpg
LED 에코 이루 B/R 매입형 후렌치 추가,332-003-002-000,2000,"블랙, 화이트",후렌치 타공 W45×D160×H48,,,,333,c:\Users\skyjw\Downloads\MK12_JPG\MK12_p333.jpg
LED 에코 조이풀 B/R 3W,333-001-018-200,18200,"블랙, 화이트",Ø100×H30,LED 3W,3000K,"철제, 플리커프리",334,c:\Users\skyjw\Downloads\MK12_JPG\MK12_p334.jpg
LED 에코 픽시 B/R 8W,333-002-014-300,14300,화이트,W295×D95×H45 (후렌치Ø105×H25),LED 8W,3000K,플리커프리,334,c:\Users\skyjw\Downloads\MK12_JPG\MK12_p334.jpg
LED 에코 스위밍 B/R 20W,333-003-036-400,36400,화이트,W600×D420,LED 20W,3000K,"철제, 플리커프리",334,c:\Users\skyjw\Downloads\MK12_JPG\MK12_p334.jpg
LED 샤이니 B/R 8W,333-004-024-100,24100,화이트,W340×D255×H78,LED 8W,3000K,철제,334,c:\Users\skyjw\Downloads\MK12_JPG\MK12_p334.jpg
아우라 COB 독서등 B/R 5W (디밍),334-001-030-600,30600,화이트,W130×D210×H80 (매입시 타공W110×D185×타공깊이50),LED COB 5W,3000K,"철제, 매입 벽등 겸용, 밝기조절(디밍) 가능, 360도 회전",335,c:\Users\skyjw\Downloads\MK12_JPG\MK12_p335.jpg
COB 앤코 B/R 10W,334-002-033-800,33800,골드,W300×D40×H80,LED COB 10W,3000K,철제,335,c:\Users\skyjw\Downloads\MK12_JPG\MK12_p335.jpg
심플 COB 디밍 B/R 5W,334-003-024-700,24700,"블랙, 화이트",W80×D170×H80,LED COB 5W,3000K,"매입 벽등 겸용, 밝기조절(디밍) 가능, 각도조절 가능",335,c:\Users\skyjw\Downloads\MK12_JPG\MK12_p335.jpg
LED 헨지 B/R 8W,335-001-024-100,24100,"블랙, 화이트",W610×D25×H80,LED 8W,3000K,,336,c:\Users\skyjw\Downloads\MK12_JPG\MK12_p336.jpg
LED 스켓 B/R 5W,335-002-036-000,36000,"블랙, 화이트",W310×D55×H80,LED 5W,3000K,스틸,336,c:\Users\skyjw\Downloads\MK12_JPG\MK12_p336.jpg
LED 스켓 B/R 5W,335-003-037-200,37200,"골드, 그레이",W310×D55×H80,LED 5W,3000K,스틸,336,c:\Users\skyjw\Downloads\MK12_JPG\MK12_p336.jpg
LED 디오 B/R 5W,335-004-022-800,22800,"블랙, 화이트",W140×D70×H110,LED 5W,3000K,,336,c:\Users\skyjw\Downloads\MK12_JPG\MK12_p336.jpg
LED 에코 루아나 2등 B/R 5W,336-001-013-300,13300,"민트, 네이비",W100×D100×H100 (브라켓80×67),LED 5W,3000K,"스틸, IP54, 플리커프리",337,c:\Users\skyjw\Downloads\MK12_JPG\MK12_p337.jpg
LED 에코 도고 2등 B/R 8W,336-002-017-600,17600,"골드, 블랙, 화이트",W175×D30×H90,LED 8W,3000K,"스틸+유리, 플리커프리",337,c:\Users\skyjw\Downloads\MK12_JPG\MK12_p337.jpg
LED 에코 뮤멜 B/R 10W,336-003-028-000,28000,블랙,W300×D80×H50,LED 10W,3000K,"IP54, 플리커프리",337,c:\Users\skyjw\Downloads\MK12_JPG\MK12_p337.jpg
지지 사각 2등 B/R,337-001-015-600,15600,"블랙, 화이트",W150×D45×H120,G9 핀타입×2,,,338,c:\Users\skyjw\Downloads\MK12_JPG\MK12_p338.jpg
지지 사각 2등 B/R,337-002-018-000,18000,"골드, 브라운",W150×D45×H120,G9 핀타입×2,,,338,c:\Users\skyjw\Downloads\MK12_JPG\MK12_p338.jpg
LED 비트 B/R 5W,337-003-012-900,12900,"블랙, 화이트",W100×H100,LED 5W,3000K,,338,c:\Users\skyjw\Downloads\MK12_JPG\MK12_p338.jpg
LED 비트 B/R 5W,337-004-015-500,15500,"골드, 로즈골드",W100×H100,LED 5W,3000K,비방수,338,c:\Users\skyjw\Downloads\MK12_JPG\MK12_p338.jpg
LED 둥근모던 B/R 8W,337-005-015-600,15600,"블랙, 화이트",W135×D115×H100,LED 8W,3000K,,338,c:\Users\skyjw\Downloads\MK12_JPG\MK12_p338.jpg
LED 둥근모던 B/R 8W,337-006-020-400,20400,"골드, 로즈골드",W135×D115×H100,LED 8W,3000K,,338,c:\Users\skyjw\Downloads\MK12_JPG\MK12_p338.jpg
앵거 2등 B/R,338-001-025-200,25200,"블랙, 화이트",W60×D60×H155,GU10×2,,,339,c:\Users\skyjw\Downloads\MK12_JPG\MK12_p339.jpg
앵거 2등 B/R,338-002-027-600,27600,"코랄, 민트, 모카",W60×D60×H155,GU10×2,,,339,c:\Users\skyjw\Downloads\MK12_JPG\MK12_p339.jpg
앵거 2등 B/R,338-003-038-400,38400,골드,W60×D60×H155,GU10×2,,,339,c:\Users\skyjw\Downloads\MK12_JPG\MK12_p339.jpg
앵거 1등 B/R,339-001-018-000,18000,"블랙, 화이트",W60×D60×H150,GU10×1,,,340,c:\Users\skyjw\Downloads\MK12_JPG\MK12_p340.jpg
앵거 1등 B/R,339-002-019-200,19200,"코랄, 민트, 모카",W60×D60×H150,GU10×1,,,340,c:\Users\skyjw\Downloads\MK12_JPG\MK12_p340.jpg
앵거 1등 B/R,339-003-026-400,26400,골드,W60×D60×H150,GU10×1,,,340,c:\Users\skyjw\Downloads\MK12_JPG\MK12_p340.jpg
앵거 1등 B/R (V타입),339-004-027-600,27600,"블랙, 화이트",W60×D60×H150,GU10×1,,,340,c:\Users\skyjw\Downloads\MK12_JPG\MK12_p340.jpg
앵거 1등 B/R (V타입),339-005-030-000,30000,"코랄, 민트, 모카",W60×D60×H150,GU10×1,,,340,c:\Users\skyjw\Downloads\MK12_JPG\MK12_p340.jpg
앵거 1등 B/R (V타입),339-006-036-000,36000,골드,W60×D60×H150,GU10×1,,,340,c:\Users\skyjw\Downloads\MK12_JPG\MK12_p340.jpg
LED 에코 폴링 원형 B/R 8W,340-001-029-300,29300,골드,Ø140×H50,LED 8W,3000K,플리커프리,341,c:\Users\skyjw\Downloads\MK12_JPG\MK12_p341.jpg
LED 폴링 원형 B/R 8W,340-002-026-700,26700,"블랙, 화이트",Ø140×H50,LED 8W,3000K,,341,c:\Users\skyjw\Downloads\MK12_JPG\MK12_p341.jpg
LED 에코 폴링 사각 B/R 8W,340-003-029-300,29300,골드,W140×D140×H50,LED 8W,3000K,플리커프리,341,c:\Users\skyjw\Downloads\MK12_JPG\MK12_p341.jpg
LED 폴링 사각 B/R 8W,340-004-026-700,26700,"블랙, 화이트",W140×D140×H50,LED 8W,3000K,,341,c:\Users\skyjw\Downloads\MK12_JPG\MK12_p341.jpg
LED 폴링 삼각 B/R 8W,340-005-026-700,26700,"블랙, 화이트",W155×D155×H50,LED 8W,3000K,,341,c:\Users\skyjw\Downloads\MK12_JPG\MK12_p341.jpg
LED 에코 코르 원형 B/R 250 8W,341-001-019-500,19500,골드,Ø250×D28,LED 8W,3000K,플리커프리,342,c:\Users\skyjw\Downloads\MK12_JPG\MK12_p342.jpg
LED 에코 코르 원형 B/R 200 5W,341-002-016-900,16900,골드,Ø200×D28,LED 5W,3000K,플리커프리,342,c:\Users\skyjw\Downloads\MK12_JPG\MK12_p342.jpg
LED 에코 코르 원형 B/R 150 3W,341-003-013-000,13000,골드,Ø150×D28,LED 3W,3000K,플리커프리,342,c:\Users\skyjw\Downloads\MK12_JPG\MK12_p342.jpg
LED 코르 원형 B/R 300 10W,341-004-016-900,16900,"블랙, 화이트",Ø300×D30,LED 10W,3000K,,342,c:\Users\skyjw\Downloads\MK12_JPG\MK12_p342.jpg
LED 코르 원형 B/R 250 8W,341-005-015-600,15600,"블랙, 화이트",Ø250×D30,LED 8W,3000K,,342,c:\Users\skyjw\Downloads\MK12_JPG\MK12_p342.jpg
LED 코르 원형 B/R 200 5W,341-006-014-300,14300,"블랙, 화이트",Ø200×D30,LED 5W,3000K,,342,c:\Users\skyjw\Downloads\MK12_JPG\MK12_p342.jpg
LED 코르 원형 B/R 150 3W,341-007-011-700,11700,"블랙, 화이트",Ø150×D30,LED 3W,3000K,,342,c:\Users\skyjw\Downloads\MK12_JPG\MK12_p342.jpg
LED 클램 B/R 5W,342-001-018-200,18200,"블랙, 화이트",W123×D115×H70,LED 5W,3000K,,343,c:\Users\skyjw\Downloads\MK12_JPG\MK12_p343.jpg
LED 플럼 B/R 10W,342-002-022-100,22100,"블랙, 화이트",W118×D118×H80,LED 10W,3000K,,343,c:\Users\skyjw\Downloads\MK12_JPG\MK12_p343.jpg
LED 멜팅 사각 B/R 8W,342-003-033-800,33800,"블랙, 화이트",W235×D235×H70,LED 8W,3000K,,343,c:\Users\skyjw\Downloads\MK12_JPG\MK12_p343.jpg
LED 미니 이아 원형 B/R 5W,342-004-009-800,9800,화이트,Ø150×H35,LED 5W,3000K,,343,c:\Users\skyjw\Downloads\MK12_JPG\MK12_p343.jpg
LED 미니 아르 삼각 B/R 5W,342-005-009-800,9800,화이트,W150×D35×H130,LED 5W,3000K,,343,c:\Users\skyjw\Downloads\MK12_JPG\MK12_p343.jpg
LED 하드바 B/R 8W,343-001-034-800,34800,"블랙, 화이트",Ø200×H50,LED 8W,3000K,스틸+아크릴,344,c:\Users\skyjw\Downloads\MK12_JPG\MK12_p344.jpg
LED 하드바 B/R 8W,343-002-038-400,38400,"그레이, 골드",Ø200×H50,LED 8W,3000K,스틸+아크릴,344,c:\Users\skyjw\Downloads\MK12_JPG\MK12_p344.jpg
LED 심포니 2등 B/R 5W,343-003-015-600,15600,"블랙, 화이트",W150×D70×H43,LED 5W,3000K,철제,344,c:\Users\skyjw\Downloads\MK12_JPG\MK12_p344.jpg
LED 오브비 B/R 8W,343-004-026-700,26700,블랙,W310×D70×H72,LED 8W,3000K,철제,344,c:\Users\skyjw\Downloads\MK12_JPG\MK12_p344.jpg
LED 이글 B/R 5W,344-001-016-900,16900,"블랙, 화이트",W230×D75×H245,LED 5W,3000K,,345,c:\Users\skyjw\Downloads\MK12_JPG\MK12_p345.jpg
LED 하네스 B/R 5W,344-002-019-500,19500,"블랙, 화이트",W190×D100×H35,LED 5W,3000K,,345,c:\Users\skyjw\Downloads\MK12_JPG\MK12_p345.jpg
LED 버핏 B/R 10W,344-003-033-800,33800,블랙(무광),W80×D80×H450,LED 10W,3000K,철제,345,c:\Users\skyjw\Downloads\MK12_JPG\MK12_p345.jpg
LED 밀티 B/R 15W,345-001-024-500,24500,골드,W535×D130×H40,LED 15W,4000K,,346,c:\Users\skyjw\Downloads\MK12_JPG\MK12_p346.jpg
쿼드 2등 B/R,345-002-014-100,14100,"블랙, 화이트",W100×D100×H200,E17×2 (추천램프:미니크립톤 E17),,,346,c:\Users\skyjw\Downloads\MK12_JPG\MK12_p346.jpg
쿼드 2등 B/R,345-003-014-900,14900,골드,W100×D100×H200,E17×2 (추천램프:미니크립톤 E17),,,346,c:\Users\skyjw\Downloads\MK12_JPG\MK12_p346.jpg
LED 블레이드 2등 B/R 5W,345-004-022-800,22800,블랙,W85×D85×H210,LED 5W,3000K,,346,c:\Users\skyjw\Downloads\MK12_JPG\MK12_p346.jpg
LED 플랫 B/R 8W,345-005-018-100,18100,"블랙, 화이트",W225×D35×H80,LED 8W,2700K,,346,c:\Users\skyjw\Downloads\MK12_JPG\MK12_p346.jpg
LED 벙크 1등 B/R 3W,346-001-018-000,18000,"블랙, 그레이",W80×D70×H80,LED 3W,3000K,,347,c:\Users\skyjw\Downloads\MK12_JPG\MK12_p347.jpg
LED 다프네 B/R 10W (방수),346-002-020-800,20800,블랙,W185×D185×H95,LED 10W,3000K,,347,c:\Users\skyjw\Downloads\MK12_JPG\MK12_p347.jpg
LED 테르 B/R 5W (방수),346-003-019-500,19500,블랙,W160×D155×H60,LED 5W,3000K,,347,c:\Users\skyjw\Downloads\MK12_JPG\MK12_p347.jpg
알렉스 1등 B/R,346-004-007-300,7300,블랙,W250×D150×H135,E26×1 (추천램프:벌브8W),,,347,c:\Users\skyjw\Downloads\MK12_JPG\MK12_p347.jpg
LED 에코 머그컵 3등 B/R 25W,347-001-048-800,48800,골드,(Ø87×3)×H110,LED 25W,4000K,플리커프리,348,c:\Users\skyjw\Downloads\MK12_JPG\MK12_p348.jpg
LED 에코 머그컵 1등 B/R 8W,347-002-024-100,24100,골드,Ø87×H110,LED 8W,4000K,플리커프리,348,c:\Users\skyjw\Downloads\MK12_JPG\MK12_p348.jpg
LED 머그컵 3등 B/R 25W,347-003-044-900,44900,"블랙, 화이트",(Ø87×3)×H110,LED 25W,4000K,,348,c:\Users\skyjw\Downloads\MK12_JPG\MK12_p348.jpg
LED 머그컵 1등 B/R 8W,347-004-020-800,20800,"블랙, 화이트",Ø87×H110,LED 8W,4000K,,348,c:\Users\skyjw\Downloads\MK12_JPG\MK12_p348.jpg
LED 스퀘어 B/R 5W,347-005-014-300,14300,"블랙, 화이트",W100×D100×H80,LED 5W,3000K,,348,c:\Users\skyjw\Downloads\MK12_JPG\MK12_p348.jpg
LED 가비 B/R 6W,348-001-022-800,22800,"블랙, 화이트",Ø160×H60,LED 6W,3000K,,349,c:\Users\skyjw\Downloads\MK12_JPG\MK12_p349.jpg
LED 가비 B/R 6W,348-002-025-200,25200,골드,Ø160×H60,LED 6W,3000K,,349,c:\Users\skyjw\Downloads\MK12_JPG\MK12_p349.jpg
LED 샤크 B/R 8W,348-003-037-200,37200,"블랙, 그레이",W225×H80,LED 8W,3000K,,349,c:\Users\skyjw\Downloads\MK12_JPG\MK12_p349.jpg
LED 샤크 B/R 8W,348-004-039-600,39600,골드,W225×H80,LED 8W,3000K,,349,c:\Users\skyjw\Downloads\MK12_JPG\MK12_p349.jpg
나스 2등 B/R,348-005-027-600,27600,블랙,W265×D155×H80,E17×2,,,349,c:\Users\skyjw\Downloads\MK12_JPG\MK12_p349.jpg
나스 2등 B/R,348-006-051-600,51600,브론즈,W265×D155×H80,E17×2,,,349,c:\Users\skyjw\Downloads\MK12_JPG\MK12_p349.jpg
사각 공 1등 직부/벽등 겸용 大,348-007-021-400,21400,화이트,W150×D163×H150,G9(핀타입),,철제+아크릴,349,c:\Users\skyjw\Downloads\MK12_JPG\MK12_p349.jpg
사각 공 1등 직부/벽등 겸용 小,348-008-016-200,16200,화이트,W120×D130×H120,G9(핀타입),,철제+아크릴,349,c:\Users\skyjw\Downloads\MK12_JPG\MK12_p349.jpg
LED 플로어 B/R 8W,349-001-019-500,19500,블랙,W600×D100×H90,LED 8W,3000K,철제,350,c:\Users\skyjw\Downloads\MK12_JPG\MK12_p350.jpg
니케 2등 B/R,349-002-024-000,24000,블랙,W110×D52×H595,G9(핀타입)×2,,,350,c:\Users\skyjw\Downloads\MK12_JPG\MK12_p350.jpg
니케 2등 B/R,349-003-027-600,27600,골드,W110×D52×H595,G9(핀타입)×2,,,350,c:\Users\skyjw\Downloads\MK12_JPG\MK12_p350.jpg
니케 2등 B/R,349-004-032-400,32400,브론즈,W110×D52×H595,G9(핀타입)×2,,,350,c:\Users\skyjw\Downloads\MK12_JPG\MK12_p350.jpg
LED 리듬 B/R 8W,349-005-036-000,36000,"골드, 크롬",W100×D105×H205,LED 8W,4000K,,350,c:\Users\skyjw\Downloads\MK12_JPG\MK12_p350.jpg
LED 윈드 B/R 12W,349-006-035-900,35900,골드,W200×D200×H300,LED 12W,3000K,,350,c:\Users\skyjw\Downloads\MK12_JPG\MK12_p350.jpg
LED 윈드 B/R 12W,349-007-037-400,37400,화이트,W200×D200×H300,LED 12W,3000K,,350,c:\Users\skyjw\Downloads\MK12_JPG\MK12_p350.jpg
브로슈 1등 B/R,350-001-082-600,82600,아이보리+우드,W280×D720×H480 (후렌치W450×D55×H75),"E26×1 (추천램프:볼구G95, 에디슨G95)",,"우드+PVC, 자바라 길이조절 420~900, 전선 최대2.2M",351,c:\Users\skyjw\Downloads\MK12_JPG\MK12_p351.jpg
케이팝 1등 B/R,350-002-025-800,25800,골드,W120×D160×H175,E17×1,,유백유리,351,c:\Users\skyjw\Downloads\MK12_JPG\MK12_p351.jpg
나무 1등 B/R (A타입),350-003-022-800,22800,,W320×D150×H150,E17×1,,,351,c:\Users\skyjw\Downloads\MK12_JPG\MK12_p351.jpg
나무 1등 B/R (B타입),350-004-015-600,15600,,W140×D160×H150,E17×1,,,351,c:\Users\skyjw\Downloads\MK12_JPG\MK12_p351.jpg
큐브 1등 B/R,350-005-012-500,12500,,W120×D180×H180,E26×1,,,351,c:\Users\skyjw\Downloads\MK12_JPG\MK12_p351.jpg
LED 누벨르 B/R 8W,351-001-026-000,26000,"블랙, 화이트",W365×D55×H185,LED 8W,4000K,철제+아크릴,352,c:\Users\skyjw\Downloads\MK12_JPG\MK12_p352.jpg
코르셋 1등 B/R,351-002-008-100,8100,"블랙, 화이트",W200×D180×H210,E26×1,,,352,c:\Users\skyjw\Downloads\MK12_JPG\MK12_p352.jpg
원 1등 B/R,351-003-017-400,17400,"블랙, 화이트",W270×D170×H140,E26×1,,,352,c:\Users\skyjw\Downloads\MK12_JPG\MK12_p352.jpg
원 1등 B/R,351-004-019-200,19200,브론즈,W270×D170×H140,E26×1,,,352,c:\Users\skyjw\Downloads\MK12_JPG\MK12_p352.jpg
다이아 1등 B/R,351-005-008-700,8700,블랙,W250×D320×H260,E26×1,,,352,c:\Users\skyjw\Downloads\MK12_JPG\MK12_p352.jpg
다이아 1등 B/R,351-006-018-900,18900,골드,W250×D320×H260,E26×1,,,352,c:\Users\skyjw\Downloads\MK12_JPG\MK12_p352.jpg
포포 1등 B/R,351-007-022-800,22800,,W74×D74×H60,E14(콘벌브)×1,,,352,c:\Users\skyjw\Downloads\MK12_JPG\MK12_p352.jpg
LED 루비아 B/R 9W,352-001-040-300,40300,골드,W140×D215×H370,LED 9W,3000K,,353,c:\Users\skyjw\Downloads\MK12_JPG\MK12_p353.jpg
다이스 1등 B/R,352-002-043-200,43200,신주브론즈,W102×D230×H180,E26×1,,,353,c:\Users\skyjw\Downloads\MK12_JPG\MK12_p353.jpg
LED 마리사 1등 센서/직부/벽등 겸용 7W,352-003-067-600,67600,골드,W170×D260×H240,LED 7W,3000K,모듈 미포함,353,c:\Users\skyjw\Downloads\MK12_JPG\MK12_p353.jpg
LED 아스틱 원형 B/R 10W,352-004-032-400,32400,브론즈,Ø150×D92×H200,LED 10W,4000K,,353,c:\Users\skyjw\Downloads\MK12_JPG\MK12_p353.jpg
마를린 2등 B/R,352-005-075-600,75600,골드,W370×D200×H270,E17×2,,크리스탈,353,c:\Users\skyjw\Downloads\MK12_JPG\MK12_p353.jpg
마를린 1등 B/R,352-006-024-700,24700,골드,W200×D200×H270,E17×1,,크리스탈,353,c:\Users\skyjw\Downloads\MK12_JPG\MK12_p353.jpg
브라이트 1등 B/R,353-001-012-000,12000,골드,W170×D130×H240,E26×1,,,354,c:\Users\skyjw\Downloads\MK12_JPG\MK12_p354.jpg
끌레르 1등 B타입 갓 B/R,353-002-025-400,25400,골드,W200×D130×H245,E26×1,,,354,c:\Users\skyjw\Downloads\MK12_JPG\MK12_p354.jpg
끌레르 1등 D타입 사각 B/R,353-003-025-400,25400,골드,W190×D135×H170,E26×1,,,354,c:\Users\skyjw\Downloads\MK12_JPG\MK12_p354.jpg
셀리 1등 B/R,353-004-025-200,25200,골드,W200×H340,E17(콘벌브)×1,,철제+아크릴+유리,354,c:\Users\skyjw\Downloads\MK12_JPG\MK12_p354.jpg
도도 크리스탈 B/R,353-005-072-000,72000,골드,W225×H370,E17×1,,,354,c:\Users\skyjw\Downloads\MK12_JPG\MK12_p354.jpg
포즈 1등 B/R (A타입),354-001-024-000,24000,"블랙, 투명, 레드, 옐로우, 그린",W120×D180×H330,E26×1,,,355,c:\Users\skyjw\Downloads\MK12_JPG\MK12_p355.jpg
포즈 1등 B/R (B타입),354-002-024-000,24000,"블랙, 투명, 레드, 옐로우, 그린",W125×D180×H320,E26×1,,,355,c:\Users\skyjw\Downloads\MK12_JPG\MK12_p355.jpg
포즈 1등 B/R (C타입),354-003-027-600,27600,"블랙, 투명",W140×D200×H240,E26×1,,,355,c:\Users\skyjw\Downloads\MK12_JPG\MK12_p355.jpg
LED 갤러리 B/R 6W,355-001-023-300,23300,"골드, 브론즈",W400×D130×H130,LED 6W,3000K,,356,c:\Users\skyjw\Downloads\MK12_JPG\MK12_p356.jpg
LED 골드스틱 B/R 8W,355-002-025-400,25400,로즈골드,W490×D130×H110,LED 8W,3000K,,356,c:\Users\skyjw\Downloads\MK12_JPG\MK12_p356.jpg
LED 그림 B/R 大 12W,355-003-054-000,54000,"골드, 로즈골드",W700×D200×H180,LED 12W,3000K,,356,c:\Users\skyjw\Downloads\MK12_JPG\MK12_p356.jpg
LED 미니 그림 B/R 5W,355-004-024-000,24000,화이트,W225×D130×H120,LED 5W,4000K,,356,c:\Users\skyjw\Downloads\MK12_JPG\MK12_p356.jpg
LED 미니 그림 B/R 5W,355-005-027-600,27600,"크롬, 골드",W225×D130×H120,LED 5W,4000K,,356,c:\Users\skyjw\Downloads\MK12_JPG\MK12_p356.jpg
이지스 1등 B/R,356-001-028-800,28800,브론즈,W120×D210×H175,E17(콘벌브)×1,,유리,357,c:\Users\skyjw\Downloads\MK12_JPG\MK12_p357.jpg
디뮤어 1등 B/R,356-002-020-800,20800,골드,W120×D120×H140,G9(핀타입),,철제+유리,357,c:\Users\skyjw\Downloads\MK12_JPG\MK12_p357.jpg
닉스 1등 B/R,356-003-036-000,36000,골드,W170×H440,G9(핀타입),,스틸+유리,357,c:\Users\skyjw\Downloads\MK12_JPG\MK12_p357.jpg
미르 B/R,356-004-021-600,21600,골드,W40×D110×H245,G9(핀타입),,,357,c:\Users\skyjw\Downloads\MK12_JPG\MK12_p357.jpg
리베로 2등 B/R,356-005-034-800,34800,골드,W220×D105×H280,G9(핀타입)×2,,,357,c:\Users\skyjw\Downloads\MK12_JPG\MK12_p357.jpg
리베로 1등 B/R,356-006-018-000,18000,골드,W110×D100×H270,G9(핀타입),,,357,c:\Users\skyjw\Downloads\MK12_JPG\MK12_p357.jpg
럭셔리 2등 B/R,356-007-039-600,39600,골드,W210×D115×H245,G9(핀타입)×2,,,357,c:\Users\skyjw\Downloads\MK12_JPG\MK12_p357.jpg
창살 1등 B/R (A타입),356-008-026-400,26400,골드,W110×D210×H190,E17(콘벌브)×1,,,357,c:\Users\skyjw\Downloads\MK12_JPG\MK12_p357.jpg
창살 1등 B/R (B타입),356-009-026-400,26400,골드,W110×D210×H135,E17(콘벌브)×1,,,357,c:\Users\skyjw\Downloads\MK12_JPG\MK12_p357.jpg
창살 1등 B/R (C타입),356-010-037-200,37200,골드,W165×D225×H165,E17(콘벌브)×1,,,357,c:\Users\skyjw\Downloads\MK12_JPG\MK12_p357.jpg
스마트 1등 B/R,357-001-021-600,21600,"화이트, 다크그린",W120×D170×H200,E17(콘벌브)×1,,,358,c:\Users\skyjw\Downloads\MK12_JPG\MK12_p358.jpg
스마트 1등 B/R,357-002-025-200,25200,골드,W120×D170×H200,E17(콘벌브)×1,,,358,c:\Users\skyjw\Downloads\MK12_JPG\MK12_p358.jpg
슈가 1등 B/R,357-003-008-200,8200,블랙,W95×D190×H290,E26×1,,,358,c:\Users\skyjw\Downloads\MK12_JPG\MK12_p358.jpg
벨리노 1등 센서/직부/벽등 겸용,357-004-040-200,40200,골드,W150×D260×H270,E26(콘벌브)×1,,모듈 미포함,358,c:\Users\skyjw\Downloads\MK12_JPG\MK12_p358.jpg
루시 1등 B/R,357-005-018-600,18600,블랙,W150×D110×H160,G9(핀타입),,"유리 선택(유백유리, 엠버유리)",358,c:\Users\skyjw\Downloads\MK12_JPG\MK12_p358.jpg
루시 1등 B/R,357-006-025-200,25200,브론즈,W150×D110×H160,G9(핀타입),,"유리 선택(유백유리, 엠버유리)",358,c:\Users\skyjw\Downloads\MK12_JPG\MK12_p358.jpg
토리 1등 B/R,357-007-021-000,21000,블랙,W280×D160×H170,G9(핀타입),,"유리 선택(유백유리, 엠버유리)",358,c:\Users\skyjw\Downloads\MK12_JPG\MK12_p358.jpg
토리 1등 B/R,357-008-032-400,32400,브론즈,W280×D160×H170,G9(핀타입),,"유리 선택(유백유리, 엠버유리)",358,c:\Users\skyjw\Downloads\MK12_JPG\MK12_p358.jpg
비엔나 1등 B/R,358-001-023-400,23400,화이트+골드,W150×D300×H200,E26×1,,,359,c:\Users\skyjw\Downloads\MK12_JPG\MK12_p359.jpg
보테가 1등 B/R,358-002-023-400,23400,화이트+골드,W200×D260×H280,E26×1,,,359,c:\Users\skyjw\Downloads\MK12_JPG\MK12_p359.jpg
멜론 1등 B/R,358-003-016-800,16800,골드,Ø210×D270×H300,E26×1,,,359,c:\Users\skyjw\Downloads\MK12_JPG\MK12_p359.jpg
그레이스 1등 B/R,358-005-031-200,31200,브론즈,W160×D280×H370,E26×1,,,359,c:\Users\skyjw\Downloads\MK12_JPG\MK12_p359.jpg
로빈 1등 B/R,358-006-024-600,24600,골드,W200×D230×H445,E26×1,,,359,c:\Users\skyjw\Downloads\MK12_JPG\MK12_p359.jpg
라네즈 1등 B/R,358-007-024-700,24700,크롬,W160×D211×H467,E26×1,,철제+패브릭,359,c:\Users\skyjw\Downloads\MK12_JPG\MK12_p359.jpg
뷰티 1등 B/R,358-008-022-800,22800,"아이보리, 네이비",W150×D205×H300,E26×1,,,359,c:\Users\skyjw\Downloads\MK12_JPG\MK12_p359.jpg
토디 1등 B/R,358-009-028-800,28800,블랙,Ø150×D170×H230,G9(핀타입),,,359,c:\Users\skyjw\Downloads\MK12_JPG\MK12_p359.jpg
토디 1등 B/R,358-010-046-800,46800,브론즈,Ø150×D170×H230,G9(핀타입),,,359,c:\Users\skyjw\Downloads\MK12_JPG\MK12_p359.jpg
LED 라이너 직부/벽등 겸용 1100 40W,359-001-082-700,82700,골드,W1100×D120×H65,LED 40W,4000K,,360,c:\Users\skyjw\Downloads\MK12_JPG\MK12_p360.jpg
LED 라이너 직부/벽등 겸용 550 20W,359-002-052-000,52000,골드,W550×D120×H65,LED 20W,4000K,,360,c:\Users\skyjw\Downloads\MK12_JPG\MK12_p360.jpg
LED 클립 B/R 7W,359-003-033-600,33600,"블랙, 화이트",W120×D60×H320,LED 7W,3000K,,360,c:\Users\skyjw\Downloads\MK12_JPG\MK12_p360.jpg
LED 클립 B/R 7W,359-004-038-400,38400,골드,W120×D60×H320,LED 7W,3000K,,360,c:\Users\skyjw\Downloads\MK12_JPG\MK12_p360.jpg
루시드 1등 B/R,359-005-022-100,22100,블랙,W120×D108×H236,"E26(인치구,T45)×1",,,360,c:\Users\skyjw\Downloads\MK12_JPG\MK12_p360.jpg
루시드 1등 B/R,359-006-024-700,24700,브론즈,W120×D108×H236,"E26(인치구,T45)×1",,,360,c:\Users\skyjw\Downloads\MK12_JPG\MK12_p360.jpg
보아 2등 B/R,359-007-028-800,28800,골드,W140×H300,E17(촛대구)×2,,스틸,360,c:\Users\skyjw\Downloads\MK12_JPG\MK12_p360.jpg
베론 1등 B/R,359-008-033-600,33600,"블랙, 화이트",W130×D110×H230,E26(인치구)×1,,,360,c:\Users\skyjw\Downloads\MK12_JPG\MK12_p360.jpg
베론 1등 B/R,359-009-051-600,51600,브론즈,W130×D110×H230,E26(인치구)×1,,,360,c:\Users\skyjw\Downloads\MK12_JPG\MK12_p360.jpg
아르보 1등 B/R,360-001-009-100,9100,블랙,W220×D260×H150,E26×1,,각도조절 가능,361,c:\Users\skyjw\Downloads\MK12_JPG\MK12_p361.jpg
펠리스 1등 B/R,360-002-006-300,6300,,W120×D20×H200,E26×1,,,361,c:\Users\skyjw\Downloads\MK12_JPG\MK12_p361.jpg
그라미 1등 B/R,360-003-009-100,9100,블랙,W220×D120×H245,E26×1,,,361,c:\Users\skyjw\Downloads\MK12_JPG\MK12_p361.jpg
그라미 1등 B/R,360-004-011-400,11400,골드,W220×D120×H245,E26×1,,,361,c:\Users\skyjw\Downloads\MK12_JPG\MK12_p361.jpg
미미라인 B/R,360-005-042-000,42000,골드,W120×D200×H250,GU10,,,361,c:\Users\skyjw\Downloads\MK12_JPG\MK12_p361.jpg
미미라인 B/R,360-006-040-800,40800,실버,W120×D200×H250,GU10,,,361,c:\Users\skyjw\Downloads\MK12_JPG\MK12_p361.jpg
미미라인 B/R,360-007-043-200,43200,브론즈,W120×D200×H250,GU10,,,361,c:\Users\skyjw\Downloads\MK12_JPG\MK12_p361.jpg
LED 로렌 B/R 5W,361-001-018-200,18200,블랙,W120×D105×H130,LED 5W,3000K,,362,c:\Users\skyjw\Downloads\MK12_JPG\MK12_p362.jpg
LED 누들 B/R 7W,361-002-020-200,20200,블랙,W210×D105×H130,LED 7W,3000K,,362,c:\Users\skyjw\Downloads\MK12_JPG\MK12_p362.jpg
LED 메이즈 B/R 5W,361-003-016-300,16300,블랙,W230×D50×H120,LED 5W,3000K,,362,c:\Users\skyjw\Downloads\MK12_JPG\MK12_p362.jpg
LED 볼엔 B/R 10W,361-004-024-100,24100,블랙,W110×D175×H80,LED 10W,3000K,,362,c:\Users\skyjw\Downloads\MK12_JPG\MK12_p362.jpg
사각 라인 2등 B/R (비방수),361-005-011-400,11400,블랙,W110×D165×H300,E26×2,,,362,c:\Users\skyjw\Downloads\MK12_JPG\MK12_p362.jpg
골드 원통 외벽 2등 B/R,361-006-030-900,30900,골드,W110×D165×H300,E26×2,,,362,c:\Users\skyjw\Downloads\MK12_JPG\MK12_p362.jpg
로즈골드 원통 2등 B/R (비방수),361-007-017-700,17700,로즈골드,W110×D165×H300,E26×2,,,362,c:\Users\skyjw\Downloads\MK12_JPG\MK12_p362.jpg
LED 에코 레이니 사각 벽시계 8W,362-001-028-000,28000,화이트,W250×D295×H47,LED 8W,3000K,플리커프리,363,c:\Users\skyjw\Downloads\MK12_JPG\MK12_p363.jpg
LED 에코 레이니 원형 벽시계 8W,362-002-028-000,28000,화이트,W250×D295×H47,LED 8W,3000K,플리커프리,363,c:\Users\skyjw\Downloads\MK12_JPG\MK12_p363.jpg
LED 벽시계 大,363-001-032-300,32300,,W384×D128×H23,,,어댑터 포함,364,c:\Users\skyjw\Downloads\MK12_JPG\MK12_p364.jpg
LED 에코 슬립 직사각 스텝 센서 매입등 3W,365-001-019-500,19500,"화이트, 그레이, 블랙(무광)","W40×D43×H185 (브라켓33×168, 타공33×168, 매입높이40)",LED 3W,3000K,"알루미늄+플라스틱, 센서시간15초(주야간작동), IP54, 플리커프리",366,c:\Users\skyjw\Downloads\MK12_JPG\MK12_p366.jpg
LED 에코 슬립 직사각 스텝 매입등 3W,365-002-018-200,18200,"화이트, 그레이, 블랙(무광)","W40×D43×H185 (브라켓33×168, 타공33×168, 매입높이40)",LED 3W,3000K,"알루미늄+플라스틱, IP54, 플리커프리",366,c:\Users\skyjw\Downloads\MK12_JPG\MK12_p366.jpg
LED 에코 라온 사각 스텝 센서등 3W (몸체만),369-001-016-900,16900,"다크그레이(몸체), 화이트(백커버)",W90×D54×H90 (타공W80×D48×H80),LED 3W,3000K,"알루미늄+플라스틱, 센서시간15초(주야간작동), IP54, 서울반도체칩, 플리커프리",370,c:\Users\skyjw\Downloads\MK12_JPG\MK12_p370.jpg
LED 에코 라온 사각 스텝 직부등 3W (몸체만),369-002-015-600,15600,"다크그레이(몸체), 화이트(백커버)",W90×D54×H90 (타공W80×D48×H80),LED 3W,3000K,"알루미늄+플라스틱, IP54, 서울반도체칩, 플리커프리",370,c:\Users\skyjw\Downloads\MK12_JPG\MK12_p370.jpg
LED 에코 라온 사각 스텝 커버 (방수),369-003-002-600,2600,"블랙, 그레이, 로즈골드, 화이트","W90×D5×H90 (일자형, 사다리형, 타원형)",,,IP54,370,c:\Users\skyjw\Downloads\MK12_JPG\MK12_p370.jpg
LED 스텝 매입 직부 3W (방수),371-001-007-800,7800,"블랙, 화이트, 그레이",W85×D85×H50 (타공W80×D80×H48),LED 3W,3000K,,372,c:\Users\skyjw\Downloads\MK12_JPG\MK12_p372.jpg
LED 스텝 매입 센서 3W (방수),371-002-011-100,11100,"블랙, 화이트, 그레이",W85×D85×H32 (타공W80×D80×H48),LED 3W,3000K,센서 야간작동,372,c:\Users\skyjw\Downloads\MK12_JPG\MK12_p372.jpg
푸마갈리 프랑씨 측면 외등,372-001-028-000,28000,블랙,W295×D85×H130,E26×1 (추천램프:벌브8W),,"합성수지+PMMA, 부식방지소재, UV안정화, 이중절연, 내화성소재, IP66",373,c:\Users\skyjw\Downloads\MK12_JPG\MK12_p373.jpg
푸마갈리 아메리아 외등,372-002-029-300,29300,"블랙, 그레이",W95×D170×H340,E26×1 (추천램프:벌브8W),,"합성수지+PMMA, 부식방지소재, UV안정화, 이중절연, 내화성소재, IP55",373,c:\Users\skyjw\Downloads\MK12_JPG\MK12_p373.jpg
푸마갈리 로비 외등,372-003-018-900,18900,그레이(무광),W195×D260×H280 (후렌치100×100),E26×1 (추천램프:불구G80),,"합성수지+PMMA, 부식방지소재, UV안정화, 이중절연, 내화성소재, IP55",373,c:\Users\skyjw\Downloads\MK12_JPG\MK12_p373.jpg
푸마갈리 이쎄 외등,373-001-017-600,17600,"화이트, 블랙",W215×D100×H355 (벽고정판205×345),"E26×1 (추천램프:벌브8W, 에디슨A60 4W)",,"합성수지+PMMA, 부식방지소재, UV안정화, 이중절연, 내화성소재, IP55",374,c:\Users\skyjw\Downloads\MK12_JPG\MK12_p374.jpg
푸마갈리 메리 외벽등 (상향&하향 겸용),373-002-023-400,23400,"블랙, 화이트",W175×D260×H370,E26×1 (추천램프:불구G80 10W),,"합성수지+PMMA, 부식방지소재, UV안정화, 이중절연, 내화성소재, IP55",374,c:\Users\skyjw\Downloads\MK12_JPG\MK12_p374.jpg
푸마갈리 세파 외벽등 (상향&하향 겸용),373-003-031-200,31200,"블랙, 화이트",W225×D280×H490,E26×1 (추천램프:불구G80 10W),,"합성수지+PMMA, 부식방지소재, UV안정화, 이중절연, 내화성소재, IP55",374,c:\Users\skyjw\Downloads\MK12_JPG\MK12_p374.jpg
LED 에코 퓨카 센서 B/R 5W,374-001-037-700,37700,블랙(무광),W65×D95×H150 (후렌치65×30×150),LED 5W,3000K,"알루미늄 다이캐스팅+유리, IP65, 플리커프리",375,c:\Users\skyjw\Downloads\MK12_JPG\MK12_p375.jpg
LED 에코 로와 센서 B/R 5W,374-002-026-000,26000,블랙(무광),W130×D47×H165 (브라켓125×85),LED 5W,3000K,"알루미늄+PC, IP54, 플리커프리",375,c:\Users\skyjw\Downloads\MK12_JPG\MK12_p375.jpg
LED 에코 보담 센서 B/R 10W,374-003-036-400,36400,블랙(무광),W292×D94×H100 (브라켓155×95),LED 10W,3000K,"알루미늄+PC, IP54, 플리커프리",375,c:\Users\skyjw\Downloads\MK12_JPG\MK12_p375.jpg
LED 에코 다소니 센서 B/R 10W,374-004-036-400,36400,블랙(무광),W160×D48×H200 (브라켓156×195),LED 10W,3000K,"알루미늄+PC, IP54, 플리커프리",375,c:\Users\skyjw\Downloads\MK12_JPG\MK12_p375.jpg
LED 에코 사나래 센서 B/R 5W,374-005-026-000,26000,블랙(무광),W158×D62×H155 (브라켓125×70),LED 5W,3000K,"알루미늄+유리, IP54, 플리커프리",375,c:\Users\skyjw\Downloads\MK12_JPG\MK12_p375.jpg
LED 에코 제라 센서 B/R 5W,374-006-020-800,20800,블랙(무광),W87×D68×H87 (브라켓83×83),LED 5W,3000K,"알루미늄 다이캐스팅+유리, IP54, 플리커프리",375,c:\Users\skyjw\Downloads\MK12_JPG\MK12_p375.jpg
LED 에코 넬카 B/R 15W,375-001-044-200,44200,블랙(무광),"W160×D150×H44 (후렌치160×44, 브라켓156×39)",LED 15W,3000K,"IP65, KS, 플리커프리",376,c:\Users\skyjw\Downloads\MK12_JPG\MK12_p376.jpg
LED 에코 헤노 B/R 12W,375-002-036-400,36400,무광 그레이,W100×D105×H168 (브라켓94×100),LED 12W,3000K,"IP65, KS, 플리커프리",376,c:\Users\skyjw\Downloads\MK12_JPG\MK12_p376.jpg
LED 에코 큐니 B/R 24W,375-003-045-500,45500,유광 실버+블랙,W200×D65×H110 (브라켓193×83),LED 24W,3000K,"IP65, KS, 플리커프리",376,c:\Users\skyjw\Downloads\MK12_JPG\MK12_p376.jpg
LED 에코 큐니 B/R 12W,375-004-037-100,37100,유광 실버+블랙,W120×D65×H110 (브라켓113×83),LED 12W,3000K,"IP65, KS, 플리커프리",376,c:\Users\skyjw\Downloads\MK12_JPG\MK12_p376.jpg
LED 에코 소피아 COB B/R 5W,375-005-028-000,28000,무광 블랙,W100×D122×H90 (브라켓56×75),LED COB 5W,4000K,"알루미늄, 각도조절 약90도, IP54, KS, 플리커프리",376,c:\Users\skyjw\Downloads\MK12_JPG\MK12_p376.jpg
LED 미니멀 COB B/R 5W,375-006-033-600,33600,"블랙, 화이트",W78×D90×H130,LED COB 5W,4000K,"스틸, IP65, KS, 플리커프리",376,c:\Users\skyjw\Downloads\MK12_JPG\MK12_p376.jpg
LED 에코 케바 원형 B/R 5W,376-001-019-500,19500,무광 블랙,Ø145×D35×Ø145 (브라켓Ø144),LED 5W,4000K,"IP54, KC, 플리커프리",377,c:\Users\skyjw\Downloads\MK12_JPG\MK12_p377.jpg
LED 에코 케바 사각 B/R 5W,376-002-019-500,19500,무광 블랙,W147×D35×H147 (브라켓145×145),LED 5W,4000K,"IP54, KC, 플리커프리",377,c:\Users\skyjw\Downloads\MK12_JPG\MK12_p377.jpg
LED 에코 케바 직사각 B/R 5W,376-003-020-800,20800,무광 블랙,W198×D35×H87 (브라켓194×84),LED 5W,4000K,"IP54, KC, 플리커프리",377,c:\Users\skyjw\Downloads\MK12_JPG\MK12_p377.jpg
LED 에코 뷰레타 원형 B/R 10W,376-004-040-300,40300,무광 블랙,Ø230×D85×Ø230 (브라켓Ø225),LED 10W,4000K,"IP54, 서울반도체칩, KS, 플리커프리",377,c:\Users\skyjw\Downloads\MK12_JPG\MK12_p377.jpg
LED 에코 뷰레타 사각 B/R 10W,376-005-040-300,40300,무광 블랙,W211×D85×H211 (브라켓204×204),LED 10W,4000K,"IP54, 서울반도체칩, KS, 플리커프리",377,c:\Users\skyjw\Downloads\MK12_JPG\MK12_p377.jpg
LED 리브로 B/R 8W,376-006-045-600,45600,블랙,W202×D77×H102,LED 8W,3000K,"스틸, IP65, KS, 플리커프리",377,c:\Users\skyjw\Downloads\MK12_JPG\MK12_p377.jpg
LED 에코 테샤 2등 B/R 10W,377-001-030-600,30600,블랙+골드,W112×D43×H240 (브라켓95×60),LED 10W,3000K,"KC, 플리커프리, IP65",378,c:\Users\skyjw\Downloads\MK12_JPG\MK12_p378.jpg
LED 에코 테샤 2등 B/R 10W,377-002-028-600,28600,블랙+화이트,W112×D43×H240 (브라켓95×60),LED 10W,3000K,"KC, 플리커프리, IP65",378,c:\Users\skyjw\Downloads\MK12_JPG\MK12_p378.jpg
LED 글린트 타원형 외벽등 24W,377-003-075-400,75400,블랙+골드(무광),"W125×D77×H600 (후렌치125×600, 브라켓115)",LED 24W,3000K,"알루미늄+PC, IP54",378,c:\Users\skyjw\Downloads\MK12_JPG\MK12_p378.jpg
LED 쿼츠 직사각형 외벽등 24W,377-004-075-400,75400,블랙+골드(무광),"W125×D75×H600 (후렌치125×600, 브라켓115)",LED 24W,3000K,"알루미늄+PC, IP54",378,c:\Users\skyjw\Downloads\MK12_JPG\MK12_p378.jpg
LED 에코 보그 외벽등 10W,378-001-019-500,19500,블랙(무광),"W88×D105×H130 (후렌치94×40, 브라켓90×35)",LED 10W,3000K,"아크릴+스틸, IP54, KS, 플리커프리",379,c:\Users\skyjw\Downloads\MK12_JPG\MK12_p379.jpg
LED 에코 케노 외벽등 15W,378-002-047-500,47500,블랙(무광),"W120×D215×H145 (후렌치95×30×145, 브라켓115×85)",LED 15W,3000K,"알루미늄 다이캐스팅+유리, IP65, KS, 플리커프리",379,c:\Users\skyjw\Downloads\MK12_JPG\MK12_p379.jpg
LED 에코 쏘필라 외벽등 10W,378-003-047-500,47500,블랙(무광),"W205×D305×H170 (후렌치Ø110×H30, 브라켓103)",LED 10W,3000K,"알루미늄 다이캐스팅+PC, IP65, KS, 플리커프리",379,c:\Users\skyjw\Downloads\MK12_JPG\MK12_p379.jpg
LED 티라 외벽등 24W,378-004-057-200,57200,블랙(무광),Ø300×D355×H110 (브라켓Ø103),LED 24W,3000K,"알루미늄 다이캐스팅+PC, IP65, KS, 플리커프리",379,c:\Users\skyjw\Downloads\MK12_JPG\MK12_p379.jpg
LED 에코 레바 외벽등 5W,379-001-037-700,37700,블랙(무광),"W80×D127×H195 (후렌치72×142×35, 브라켓68×138)",LED 5W,3000K,"아크릴+스틸, 양방향 총340도 회전가능, IP54, KS, 플리커프리",380,c:\Users\skyjw\Downloads\MK12_JPG\MK12_p380.jpg
LED 에코 프라그 외벽등 10W,379-002-041-600,41600,블랙(무광),"W250×D127×H80 (후렌치142×72×35, 브라켓68×138)",LED 10W,3000K,"아크릴+스틸, 양방향 총340도 회전가능, IP54, KS, 플리커프리",380,c:\Users\skyjw\Downloads\MK12_JPG\MK12_p380.jpg
LED 에코 슈레트 외벽등 15W,379-003-037-700,37700,블랙(무광),"W73×D125×H200 (후렌치60×150, 브라켓56×145)",LED 15W,3000K,"알루미늄 다이캐스팅+PC, IP65, KS, 플리커프리",380,c:\Users\skyjw\Downloads\MK12_JPG\MK12_p380.jpg
LED 듀이 지붕형 문주 외벽등 10W,379-004-055-900,55900,블랙(무광),"W140×D160×H290 (후렌치110×90, 브라켓104×83)",LED 10W,3000K,"알루미늄 다이캐스팅+PC, IP54, KS, 플리커프리",380,c:\Users\skyjw\Downloads\MK12_JPG\MK12_p380.jpg
LED 에코 엘사 B/R 10W,380-001-054-600,54600,블랙(무광),W203×D252×H300 (브라켓61×291),LED 10W,3000K,"알루미늄 다이캐스팅+렌즈, IP54, 플리커프리",381,c:\Users\skyjw\Downloads\MK12_JPG\MK12_p381.jpg
LED 에코 멜드 사각 외벽등 10W,380-002-025-400,25400,블랙(무광),W75×D82×H188 (브라켓70×182),LED 10W,3000K,"알루미늄+플라스틱, IP54, 플리커프리",381,c:\Users\skyjw\Downloads\MK12_JPG\MK12_p381.jpg
LED 에코 멜드 원형 외벽등 10W,380-003-025-400,25400,블랙(무광),W75×D82×H188 (브라켓70×182),LED 10W,3000K,"알루미늄+플라스틱, IP54, 플리커프리",381,c:\Users\skyjw\Downloads\MK12_JPG\MK12_p381.jpg
LED 라운드 방습 외벽등 50W,380-004-023-400,23400,"블랙, 화이트",W125×D84×H308,LED 50W,"6500K, 3000K",IP65,381,c:\Users\skyjw\Downloads\MK12_JPG\MK12_p381.jpg
LED 아담 2등 외벽등 10W,380-005-023-400,23400,블랙,W130×D50×H240,LED 10W,3000K,,381,c:\Users\skyjw\Downloads\MK12_JPG\MK12_p381.jpg
벌크 원형 1등 직부 (외부),380-006-012-000,12000,"블랙, 화이트",Ø270×H150,E26×1,,,381,c:\Users\skyjw\Downloads\MK12_JPG\MK12_p381.jpg
철망 방습등 大 (방수),380-007-008-600,8600,"블랙, 화이트",W260×D160×H120,E26×1,,,381,c:\Users\skyjw\Downloads\MK12_JPG\MK12_p381.jpg
철망 방습등 小 (방수),380-008-006-200,6200,"블랙, 화이트",W210×D105×H95,E26(콘벌브)×1,,,381,c:\Users\skyjw\Downloads\MK12_JPG\MK12_p381.jpg
LED 바론 1등 외벽등 20W,381-001-042-300,42300,블랙,W300×D150×H150,LED 20W,3000K,"스틸+PC, IP54",382,c:\Users\skyjw\Downloads\MK12_JPG\MK12_p382.jpg
브리즈 1등 외벽등,381-002-014-900,14900,블랙,W260×D125×H125,"E26×1 (EL,LED램프전용/추천램프:벌브12W)",,,382,c:\Users\skyjw\Downloads\MK12_JPG\MK12_p382.jpg
아크릴 주름 1등 외벽등,381-003-014-400,14400,블랙,W120×D120×H340,"E26×1 (EL,LED램프전용/추천램프:벌브12W)",,,382,c:\Users\skyjw\Downloads\MK12_JPG\MK12_p382.jpg
LED 페이퍼 외벽등 5W,381-004-019-500,19500,블랙,W90×D40×H185,LED 5W,3000K,,382,c:\Users\skyjw\Downloads\MK12_JPG\MK12_p382.jpg
스텔라 1등 외벽등,381-005-016-800,16800,블랙,W200×D120×H110,E26×1,,,382,c:\Users\skyjw\Downloads\MK12_JPG\MK12_p382.jpg
아우라 1등 외벽등,381-006-020-400,20400,블랙,W140×D120×H330,E26×1,,,382,c:\Users\skyjw\Downloads\MK12_JPG\MK12_p382.jpg
사각 1등 외벽등 (하향),381-007-020-400,20400,블랙,W90×D150×H200,E26×1,,,382,c:\Users\skyjw\Downloads\MK12_JPG\MK12_p382.jpg
사각 2등 외벽등 (양방향),381-008-026-400,26400,블랙,W90×D150×H300,E26×2,,,382,c:\Users\skyjw\Downloads\MK12_JPG\MK12_p382.jpg
C024 양방향 외벽 2등,382-001-026-700,26700,블랙,W110×D165×H300,E26×2,,,383,c:\Users\skyjw\Downloads\MK12_JPG\MK12_p383.jpg
유리 원통 외벽 1등,382-002-005-900,5900,블랙,W110×D165×H200,E26×1,,,383,c:\Users\skyjw\Downloads\MK12_JPG\MK12_p383.jpg
철망 원통 외벽 1등,382-003-006-200,6200,블랙,W110×D165×H200,E26×1,,,383,c:\Users\skyjw\Downloads\MK12_JPG\MK12_p383.jpg
철망 원통 외벽 2등,382-004-009-300,9300,블랙,W110×D165×H300,E26×2,,,383,c:\Users\skyjw\Downloads\MK12_JPG\MK12_p383.jpg
블랙 원통 외벽 1등,382-005-007-300,7300,블랙,W110×D165×H200,E26×1,,,383,c:\Users\skyjw\Downloads\MK12_JPG\MK12_p383.jpg
블랙 원통 외벽 2등,382-006-009-300,9300,블랙,W110×D165×H300,E26×2,,,383,c:\Users\skyjw\Downloads\MK12_JPG\MK12_p383.jpg
실버 원통 외벽 1등,382-007-007-300,7300,실버,W110×D165×H200,E26×1,,,383,c:\Users\skyjw\Downloads\MK12_JPG\MK12_p383.jpg
실버 원통 외벽 2등,382-008-009-300,9300,실버,W110×D165×H300,E26×2,,,383,c:\Users\skyjw\Downloads\MK12_JPG\MK12_p383.jpg
파니마 1등 외벽등,383-001-008-400,8400,"블랙, 화이트",W100×D150×H220,E26×1,,,384,c:\Users\skyjw\Downloads\MK12_JPG\MK12_p384.jpg
니엘 1등 외벽등,383-002-008-600,8600,블랙,W105×D200×H285,E26×1,,,384,c:\Users\skyjw\Downloads\MK12_JPG\MK12_p384.jpg
1018 1등 외벽등,383-003-020-400,20400,블랙,W150×D200×H260,E26×1 (추천램프:벌브G95),,,384,c:\Users\skyjw\Downloads\MK12_JPG\MK12_p384.jpg
아테네공 1등 외벽등,383-004-024-000,24000,블랙,W280×D370×H450,E26×1,,,384,c:\Users\skyjw\Downloads\MK12_JPG\MK12_p384.jpg
아덴 1등 외벽등,383-005-046-200,46200,브론즈,W150×D170×H340,E26×1,,,384,c:\Users\skyjw\Downloads\MK12_JPG\MK12_p384.jpg
안젤라 1등 외벽등,383-006-052-700,52700,브론즈,W160×D200×H510,E26×1 (추천램프:에디슨T45),,,384,c:\Users\skyjw\Downloads\MK12_JPG\MK12_p384.jpg
LED 태양광 토네이도 외벽등 5W,383-007-074-400,74400,블랙,Ø260×D260×H370,LED 5W,3000K,,384,c:\Users\skyjw\Downloads\MK12_JPG\MK12_p384.jpg
피렌체 1등 상향 외벽등,384-001-015-000,15000,블랙,W180×D230×H370,E26×1,,,385,c:\Users\skyjw\Downloads\MK12_JPG\MK12_p385.jpg
피렌체 1등 하향 외벽등,384-002-015-000,15000,블랙,W180×D230×H350,E26×1,,,385,c:\Users\skyjw\Downloads\MK12_JPG\MK12_p385.jpg
육각벽등 황동슬림 하향,384-003-009-800,9800,황동,W150×D210×H360,E26×1,,,385,c:\Users\skyjw\Downloads\MK12_JPG\MK12_p385.jpg
육각벽등 커피슬림 하향,384-004-008-900,8900,커피,W150×D210×H360,E26×1,,,385,c:\Users\skyjw\Downloads\MK12_JPG\MK12_p385.jpg
육각벽등 황동개방 하향,384-005-009-800,9800,황동,W160×D190×H290,E26×1,,,385,c:\Users\skyjw\Downloads\MK12_JPG\MK12_p385.jpg
로브 1등 외벽등,385-001-007-300,7300,"블랙, 커피",W150×D200×H310,E26×1,,,386,c:\Users\skyjw\Downloads\MK12_JPG\MK12_p386.jpg
로브 1등 펜던트등,385-002-007-600,7600,커피,Ø150×H310 (체인조절 가능),E26×1,,,386,c:\Users\skyjw\Downloads\MK12_JPG\MK12_p386.jpg
밀튼 1등 외벽등,385-003-010-000,10000,엔틱골드,W150×D205×H340,E26×1,,,386,c:\Users\skyjw\Downloads\MK12_JPG\MK12_p386.jpg
LED 에코 르타 지중등 5W,386-001-012-400,12400,블랙(무광),Ø120×H35,LED 5W,3000K,"알루미늄 다이캐스팅, IP65, KS, 플리커프리",387,c:\Users\skyjw\Downloads\MK12_JPG\MK12_p387.jpg
LED 에코 니콜 지중등 5W,386-002-032-500,32500,실버(무광),Ø120×H45,LED 5W,3000K,"스테인리스, IP65, KS, 플리커프리",387,c:\Users\skyjw\Downloads\MK12_JPG\MK12_p387.jpg
LED 에코 리투 지중등 大 5W,386-003-035-100,35100,블랙(무광),Ø120×H90 (타공Ø110),LED 5W,3000K,"스테인리스+알루미늄, IP65, KS, 플리커프리",387,c:\Users\skyjw\Downloads\MK12_JPG\MK12_p387.jpg
LED 에코 리투 지중등 中 5W,386-004-035-100,35100,블랙(무광),Ø110×H90 (타공Ø95),LED 5W,3000K,"스테인리스+알루미늄, IP65, KS, 플리커프리",387,c:\Users\skyjw\Downloads\MK12_JPG\MK12_p387.jpg
LED 에코 리투 지중등 小 5W,386-005-035-100,35100,블랙(무광),Ø75×H93 (타공Ø65),LED 5W,3000K,"스테인리스, IP65, KS, 플리커프리",387,c:\Users\skyjw\Downloads\MK12_JPG\MK12_p387.jpg
수목 투사등 (팩형&직부형 겸용),387-001-022-800,22800,블랙,"W230×H240 (팩길이220, 후렌치140), 선길이50cm",E26×1 (파30 램프포함),,"알루미늄+유리, IP54",388,c:\Users\skyjw\Downloads\MK12_JPG\MK12_p388.jpg
LED COB 77 수목등 15W,387-002-103-600,103600,그레이,Ø150×H482,LED COB 15W,3000K,"방수, KS",388,c:\Users\skyjw\Downloads\MK12_JPG\MK12_p388.jpg
LED 가든 쏠라 팩등 4.4W,387-003-084-000,84000,블랙,Ø50×H670 (윗판Ø190),LED 4.4W,3000K,"알루미늄+플라스틱, IP65",388,c:\Users\skyjw\Downloads\MK12_JPG\MK12_p388.jpg
LED 에코 디크 COB 수목 투사등 10W (팩형&직부형 겸용),388-001-033-800,33800,블랙(무광),"W98×D135×H265 (브라켓Ø92), 선길이50cm",LED COB 10W,3000K,"알루미늄 다이캐스팅, IP65, KS, 플리커프리",389,c:\Users\skyjw\Downloads\MK12_JPG\MK12_p389.jpg
LED 에코 네더 COB 수목 투사등 5W (팩형&직부형 겸용),388-002-028-600,28600,블랙(무광),"W98×D165×H175 (브라켓Ø92), 선길이50cm",LED COB 5W,3000K,"알루미늄 다이캐스팅, IP65, KS, 플리커프리",389,c:\Users\skyjw\Downloads\MK12_JPG\MK12_p389.jpg
LED 에코 트레 COB 팩형 수목 투사등 5W,388-003-020-800,20800,블랙(무광),W63×D50×H110,LED COB 5W,3000K,"알루미늄 다이캐스팅, IP65, KS, 플리커프리",389,c:\Users\skyjw\Downloads\MK12_JPG\MK12_p389.jpg
LED 에코 터치스 COB 팩형 수목투사등 大 5W,388-004-018-200,18200,블랙(무광),Ø95×H135,LED COB 5W,3000K,"알루미늄, IP65, KS, 플리커프리",389,c:\Users\skyjw\Downloads\MK12_JPG\MK12_p389.jpg
LED 에코 터치스 COB 팩형 수목투사등 小 5W,388-005-018-200,18200,블랙(무광),Ø75×H123,LED COB 5W,3000K,"알루미늄, IP65, KS, 플리커프리",389,c:\Users\skyjw\Downloads\MK12_JPG\MK12_p389.jpg
LED 에코 비라 원형 팩형 수목 투사등 5W,389-001-020-800,20800,그레이(무광),W125×D95×H167,LED 5W,3000K,"알루미늄 다이캐스팅, IP65, 서울반도체, KS, 플리커프리",390,c:\Users\skyjw\Downloads\MK12_JPG\MK12_p390.jpg
LED 에코 비라 원형 팩형 수목 투사등 3W,389-002-020-800,20800,그레이(무광),W80×D73×H145,LED 3W,3000K,"알루미늄 다이캐스팅, IP65, 서울반도체, KS, 플리커프리",390,c:\Users\skyjw\Downloads\MK12_JPG\MK12_p390.jpg
LED 에코 아티스 수목 투사등 20W (팩형&직부형 겸용),389-003-044-900,44900,블랙(무광),"W138×D110×H405 (후렌치138×95, 브라켓90)",LED 20W,3000K,"알루미늄 다이캐스팅, IPX6, KS, 플리커프리",390,c:\Users\skyjw\Downloads\MK12_JPG\MK12_p390.jpg
LED 에코 아티스 수목 투사등 10W (팩형&직부형 겸용),389-004-033-800,33800,블랙(무광),"Ø95×D160×H300 (후렌치140×95, 브라켓90)",LED 10W,3000K,"알루미늄 다이캐스팅, IPX6, KS, 플리커프리",390,c:\Users\skyjw\Downloads\MK12_JPG\MK12_p390.jpg
LED 에코 아티스 수목 투사등 5W (팩형&직부형 겸용),389-005-031-200,31200,블랙(무광),"Ø95×H330 (후렌치Ø95, 브라켓90)",LED 5W,3000K,"알루미늄 다이캐스팅, IPX6, KS, 플리커프리",390,c:\Users\skyjw\Downloads\MK12_JPG\MK12_p390.jpg
푸마갈리 토미 팩형 잔디등,390-001-053-300,53300,블랙(무광),W152×D122×H340,LED 8W (램프:에코GX53 8W 포함),"6500K, 3000K","합성수지, IP66",391,c:\Users\skyjw\Downloads\MK12_JPG\MK12_p391.jpg
푸마갈리 미니 토미 팩형 잔디등,390-002-037-700,37700,블랙(무광),W122×D135×H310,LED 4W (램프:GU10 4W 포함),3000K,"합성수지, IP66",391,c:\Users\skyjw\Downloads\MK12_JPG\MK12_p391.jpg
푸마갈리 로비 정원등,390-003-052-000,52000,그레이(무광),W195×D195×H940,E26×1 (추천램프:LED볼구G80 10W),,"합성수지+PMMA, IP55",391,c:\Users\skyjw\Downloads\MK12_JPG\MK12_p391.jpg
푸마갈리 사우로 잔디등 800,391-001-092-300,92300,"블랙, 그레이(무광)",Ø245×H800 (앙카가이드205×185),LED 8W (램프:에코GX53 8W 포함),"6500K, 3000K","합성수지+아연도금, IP55",392,c:\Users\skyjw\Downloads\MK12_JPG\MK12_p392.jpg
푸마갈리 카를로 잔디등 800,391-002-055-900,55900,"블랙, 그레이(무광)",Ø155×H795,LED 4W (램프:GU10 4W 포함),3000K,"합성수지+아연도금, IP55",392,c:\Users\skyjw\Downloads\MK12_JPG\MK12_p392.jpg
푸마갈리 에스테르 잔디등 800,391-003-067-600,67600,"블랙, 그레이(무광)",W175×D175×H800 (앙카가이드165×165),LED 8W (램프:에코GX53 8W 포함),"6500K, 3000K","합성수지+아연도금, IP55",392,c:\Users\skyjw\Downloads\MK12_JPG\MK12_p392.jpg
푸마갈리 에스테르 잔디등 500,391-004-057-200,57200,"블랙, 그레이(무광)",W175×D175×H480,LED 8W (램프:에코GX53 8W 포함),"6500K, 3000K","합성수지+아연도금, IP55",392,c:\Users\skyjw\Downloads\MK12_JPG\MK12_p392.jpg
푸마갈리 메리 잔디등,392-001-058-500,58500,"블랙, 화이트",W180×D180×H1020,E26×1 (추천램프:볼구G80),,"합성수지+PMMA, IP55",393,c:\Users\skyjw\Downloads\MK12_JPG\MK12_p393.jpg
푸마갈리 메리 문주등,392-002-023-400,23400,"블랙, 화이트",W175×D175×H365,E26×1 (추천램프:볼구G80),,"합성수지+PMMA, IP55",393,c:\Users\skyjw\Downloads\MK12_JPG\MK12_p393.jpg
푸마갈리 세파 잔디등,392-003-067-600,67600,"블랙, 화이트",W230×D230×H1110,E26×1 (추천램프:볼구G80),,"합성수지+PMMA, IP55",393,c:\Users\skyjw\Downloads\MK12_JPG\MK12_p393.jpg
푸마갈리 메리 2등 정원등,393-001-197-600,197600,"블랙, 화이트(무광)",W600×D250×H2070 (앙카가이드205×185),E26×2 (추천램프:볼구G80 10W),,"합성수지+PMMA, IP55",394,c:\Users\skyjw\Downloads\MK12_JPG\MK12_p394.jpg
푸마갈리 세파 1등 정원등,393-002-154-000,154000,"블랙, 화이트(무광)",W250×D250×H2080 (앙카가이드205×185),E26×1 (추천램프:볼구G80 10W),,"합성수지+PMMA, IP55",394,c:\Users\skyjw\Downloads\MK12_JPG\MK12_p394.jpg
푸마갈리 세파 2등 정원등,393-003-234-000,234000,"블랙, 화이트(무광)",W660×D250×H2400 (앙카가이드205×185),E26×2 (추천램프:볼구G80 10W),,"합성수지+PMMA, IP55",394,c:\Users\skyjw\Downloads\MK12_JPG\MK12_p394.jpg
LED 두차 COB 잔디등 大 30W,394-001-360-000,360000,블랙,W490×D100×H2000,LED COB 30W,"4000K, 3000K","IP65, KS, 플리커프리",395,c:\Users\skyjw\Downloads\MK12_JPG\MK12_p395.jpg
LED 두차 COB 잔디등 小 20W,394-002-210-000,210000,블랙,W450×D140×H900,LED COB 20W,"4000K, 3000K","IP65, KS, 플리커프리",395,c:\Users\skyjw\Downloads\MK12_JPG\MK12_p395.jpg
LED 스템 COB 잔디등 3등 15W,394-003-201-600,201600,블랙,Ø50×D150×H1500,LED COB 15W,3000K,"스틸, IP65, KS, 플리커프리",395,c:\Users\skyjw\Downloads\MK12_JPG\MK12_p395.jpg
LED 스템 COB 잔디등 2등 8W,394-004-144-000,144000,블랙,Ø50×D150×H1000,LED COB 8W,3000K,"스틸, IP65, KS, 플리커프리",395,c:\Users\skyjw\Downloads\MK12_JPG\MK12_p395.jpg
LED 스템 COB 잔디등 1등 5W,394-005-079-200,79200,블랙,Ø50×D150×H500,LED COB 5W,3000K,"스틸, IP65, KS, 플리커프리",395,c:\Users\skyjw\Downloads\MK12_JPG\MK12_p395.jpg
LED 그래프트 COB 잔디등 8W,395-001-192-000,192000,블랙,Ø140×H800 (밑판Ø210),LED COB 8W,3000K,"스틸, IP65, KS, 플리커프리",396,c:\Users\skyjw\Downloads\MK12_JPG\MK12_p396.jpg
LED 시엘로 COB 잔디등 1000 8W,395-002-096-000,96000,블랙,W160×D55×H1000,LED COB 8W,3000K,"알루미늄, IP65, KS, 플리커프리",396,c:\Users\skyjw\Downloads\MK12_JPG\MK12_p396.jpg
LED 시엘로 COB 잔디등 600 8W,395-003-074-400,74400,블랙,W160×D55×H600,LED COB 8W,3000K,"알루미늄, IP65, KS, 플리커프리",396,c:\Users\skyjw\Downloads\MK12_JPG\MK12_p396.jpg
LED 에코 올런 COB 잔디등 10W,395-004-068-900,68900,블랙,"Ø150×H1000 (받침대Ø150, 원판Ø1155, 전선1.2M)",LED COB 10W,3000K,"스틸+플라스틱, IP65, 플리커프리",396,c:\Users\skyjw\Downloads\MK12_JPG\MK12_p396.jpg
LED 에코 레앙 잔디등 10W,396-001-065-000,65000,블랙,"Ø150×H1000 (받침대Ø130, 원판Ø135), 전선1.2M",LED 10W,3000K,"스틸+플라스틱, IP65, 플리커프리",397,c:\Users\skyjw\Downloads\MK12_JPG\MK12_p397.jpg
LED 에코 시스타 삼각 잔디등 5W,396-002-039-000,39000,블랙(무광),W90×D80×H600,LED 5W,4000K,"알루미늄, IP65, 서울반도체, KS, 플리커프리",397,c:\Users\skyjw\Downloads\MK12_JPG\MK12_p397.jpg
프런치 1등 잔디등,396-003-072-000,72000,블랙,Ø160×H900 (받침대Ø22),"E26×1 (추천램프:벌브8W, 필립스벌브10W·12W)",,"아크릴+알루미늄, 생활방수",397,c:\Users\skyjw\Downloads\MK12_JPG\MK12_p397.jpg
LED 무크 쏠라 잔디등 1000,397-001-105-600,105600,블랙,Ø230×H1000,LED 4W,6000K,"스틸+아크릴, 태양광충전식, 주야간감지 오토센서 내장, 방수",398,c:\Users\skyjw\Downloads\MK12_JPG\MK12_p398.jpg
LED 무크 쏠라 잔디등 600,397-002-085-200,85200,블랙,Ø230×H600,LED 4W,6000K,"스틸+아크릴, 태양광충전식, 주야간감지 오토센서 내장, 방수",398,c:\Users\skyjw\Downloads\MK12_JPG\MK12_p398.jpg
LED 무크 쏠라 잔디등 300,397-003-076-800,76800,블랙,Ø230×H300,LED 4W,6000K,"스틸+아크릴, 태양광충전식, 주야간감지 오토센서 내장, 방수",398,c:\Users\skyjw\Downloads\MK12_JPG\MK12_p398.jpg
LED 무크 쏠라 외벽등 4W,397-004-084-000,84000,블랙,Ø230×D270×H220,LED 4W,6000K,"스틸+아크릴, 태양광충전식, 방수",398,c:\Users\skyjw\Downloads\MK12_JPG\MK12_p398.jpg
LED 레이더 잔디등 8W,397-005-081-600,81600,블랙,"Ø70×H700 (밑판Ø130, 윗판Ø150)",LED 8W,3000K,"스틸, IP65, KS, 플리커프리",398,c:\Users\skyjw\Downloads\MK12_JPG\MK12_p398.jpg
LED 태양광 문주등 大 2W,398-001-012-800,12800,,W100×D100×H200,LED 2W,"주광색, 전구색",,399,c:\Users\skyjw\Downloads\MK12_JPG\MK12_p399.jpg
LED 태양광 문주등 小 1W,398-002-012-400,12400,,W80×D80×H170,LED 1W,"주광색, 전구색",,399,c:\Users\skyjw\Downloads\MK12_JPG\MK12_p399.jpg
1002 문주등 (100×100),398-003-007-200,7200,화이트,W100×D100×H200,E26×1 (추천램프:벌브12W),,,399,c:\Users\skyjw\Downloads\MK12_JPG\MK12_p399.jpg
사각 문주 정원등 1000,398-004-030-000,30000,,W160×D160×H1000,"E26×1 (EL,LED램프전용)",,,399,c:\Users\skyjw\Downloads\MK12_JPG\MK12_p399.jpg
사각 문주 정원등 500,398-005-025-100,25100,,W100×D100×H500,"E26×1 (EL,LED램프전용)",,,399,c:\Users\skyjw\Downloads\MK12_JPG\MK12_p399.jpg
사각 문주등 (100×100),398-006-006-200,6200,,W100×D100×H220,E26×1,,,399,c:\Users\skyjw\Downloads\MK12_JPG\MK12_p399.jpg
사각 문주등 (80×80),398-007-005-600,5600,,W80×D80×H190,E26×1,,,399,c:\Users\skyjw\Downloads\MK12_JPG\MK12_p399.jpg
원형 문주 잔디등 1M,398-008-052-800,52800,블랙,Ø140×H1000,E26×1,,,399,c:\Users\skyjw\Downloads\MK12_JPG\MK12_p399.jpg
원형 문주 잔디등 50cm,398-009-046-800,46800,블랙,Ø140×H500,E26×1,,,399,c:\Users\skyjw\Downloads\MK12_JPG\MK12_p399.jpg
원형 문주등,398-010-025-200,25200,블랙,Ø140×H250,E26×1,,,399,c:\Users\skyjw\Downloads\MK12_JPG\MK12_p399.jpg
LED 태양광 토네이도 잔디등 1M 5W,399-001-085-200,85200,블랙,Ø260×H960,LED 5W,3000K,,400,c:\Users\skyjw\Downloads\MK12_JPG\MK12_p400.jpg
LED 태양광 제우스 잔디등 4W,399-002-114-000,114000,블랙,W230×D230×H1200,LED 4W,3000K,,400,c:\Users\skyjw\Downloads\MK12_JPG\MK12_p400.jpg
제우스 잔디등 1M,399-003-057-600,57600,블랙,W200×D200×H1000,E26×1,,,400,c:\Users\skyjw\Downloads\MK12_JPG\MK12_p400.jpg
육각 상향 잔디등,399-004-039-600,39600,황동,Ø238×H1100,E26×1,,,400,c:\Users\skyjw\Downloads\MK12_JPG\MK12_p400.jpg
철망원통 정원등 1M,399-005-024-200,24200,블랙,Ø150×H1000,E26×1,,,400,c:\Users\skyjw\Downloads\MK12_JPG\MK12_p400.jpg
철망원통 정원등 60cm,399-006-017-600,17600,블랙,Ø150×H600,E26×1,,,400,c:\Users\skyjw\Downloads\MK12_JPG\MK12_p400.jpg
LED 루아 충전식 스탠드 大 3W (화이트),400-001-055-900,55900,화이트(무광),"W55×D60×H450, 전선길이1M(USB-C타입)",LED 3W,"삼색변환(6000K↔4000K↔3000K), 디밍","알루미늄 다이캐스팅, 배터리2200mAh, 완충시 최대밝기8시간~최소밝기50시간",401,c:\Users\skyjw\Downloads\MK12_JPG\MK12_p401.jpg
LED 레니에 충전식 디밍 단S/T 3W,400-002-049-400,49400,화이트(무광),"Ø130×H375, 전선길이0.8M(USB-C타입)",LED 3W,"4000K, 디밍","메탈+PC, 배터리2000mAh, 완충시 최대밝기4시간~최소밝기36시간",401,c:\Users\skyjw\Downloads\MK12_JPG\MK12_p401.jpg
LED 노블 충전식 디밍 단S/T 2W,401-001-028-600,28600,"블랙, 화이트(유광)","Ø160×H280, 전선길이0.5M",LED 2W,"3000K, 디밍","PC, 배터리2000mAh, 완충시 최대밝기4시간~최소밝기16시간",402,c:\Users\skyjw\Downloads\MK12_JPG\MK12_p402.jpg
LED 루스터 충전식 디밍 단S/T 3W,401-002-045-500,45500,그레이(무광),"Ø110×H220, 파이프연장시H370(받침대Ø100×10), 전선길이0.8M",LED 3W,"4000K, 디밍","메탈+PC, 배터리2000mAh, 완충시 최대밝기4시간~최소밝기36시간",402,c:\Users\skyjw\Downloads\MK12_JPG\MK12_p402.jpg
LED 블리츠 더스트 단S/T 2W,402-001-032-400,32400,베이지,"Ø160×H230, 전선길이1M",LED 2W,"3000K, 디밍",충전 후 무선사용 가능,403,c:\Users\skyjw\Downloads\MK12_JPG\MK12_p403.jpg
LED 클라리티 단S/T 1W,402-002-016-300,16300,베이지,"Ø75×H190, 전선길이1M",LED 1W,"2500K, 디밍",충전 후 무선사용 가능,403,c:\Users\skyjw\Downloads\MK12_JPG\MK12_p403.jpg
LED 피날레 단S/T 3W,402-003-035-000,35000,화이트,"Ø240×H280, 전선길이1.5M",LED 3W,"삼색변환(6500K↔4000K↔3000K), 디밍",충전 후 무선사용 가능,403,c:\Users\skyjw\Downloads\MK12_JPG\MK12_p403.jpg
네시노 4등 단S/T,402-004-032-000,32000,"화이트, 오렌지",Ø320×H225,E17(콘벌브)×4,,,403,c:\Users\skyjw\Downloads\MK12_JPG\MK12_p403.jpg
LED 플루토 단S/T 3W (충전식),403-001-037-700,37700,화이트,"Ø160×H230, 선길이1M(USB C타입)",LED 3W,3000K,아크릴,404,c:\Users\skyjw\Downloads\MK12_JPG\MK12_p404.jpg
델루나 장S/T,403-002-075-400,75400,화이트,Ø500×H1305,E26×1 (추천램프:스틱램프8W),,아크릴,404,c:\Users\skyjw\Downloads\MK12_JPG\MK12_p404.jpg
루미너스 단S/T,403-003-014-000,14000,화이트,Ø250×H350,"E26×1 (추천램프:인치구, 스틱램프4W)",,,404,c:\Users\skyjw\Downloads\MK12_JPG\MK12_p404.jpg
코지무드 6등 장S/T,404-001-455-000,455000,골드(유광),"Ø300×H1250, 전선길이2M","E26×6 (추천램프:인치구, 에디슨인치구)",,스틸+크리스탈,405,c:\Users\skyjw\Downloads\MK12_JPG\MK12_p405.jpg
베르판 펀 S/T,404-002-067-500,67500,골드(유광),Ø270×H380,E26×1,,,405,c:\Users\skyjw\Downloads\MK12_JPG\MK12_p405.jpg
브리에 단S/T,405-001-088-400,88400,"골드, 크롬(유광)","W200×D280×H410 (갓200×70, 받침대150)","E14×1 (추천램프:콘벌브4.2W, 미니크립톤3W)",,스틸+유리,406,c:\Users\skyjw\Downloads\MK12_JPG\MK12_p406.jpg
몬디알 1등 단S/T,405-002-055-200,55200,골드,Ø130×H290,E17(콘벌브)×1,,스틸+유리,406,c:\Users\skyjw\Downloads\MK12_JPG\MK12_p406.jpg
탠저린 단S/T,406-001-048-100,48100,"블랙, 화이트",Ø340×H535,E26×1,,,407,c:\Users\skyjw\Downloads\MK12_JPG\MK12_p407.jpg
탠저린 단S/T,406-002-052-000,52000,"레드, 블루, 머스타드, 민트",Ø340×H535,E26×1,,,407,c:\Users\skyjw\Downloads\MK12_JPG\MK12_p407.jpg
쿠퍼 1등 단S/T,406-003-084-000,84000,"블랙, 그레이, 화이트, 헤드, 다크그린","Ø285×H425 (받침대Ø180), 전선1.48M",E26×1,,"철제+알루미늄, 각도조절 가능",407,c:\Users\skyjw\Downloads\MK12_JPG\MK12_p407.jpg
케이브 1등 단S/T,406-004-041-600,41600,화이트+크롬,"Ø200×H387 (받침대Ø160), 전선1.8M",E26×1 (추천램프:볼구G95),,철제+유리,407,c:\Users\skyjw\Downloads\MK12_JPG\MK12_p407.jpg
LED 아우라 단S/T 4W,407-001-046-800,46800,"블랙, 화이트, 연그린, 아이보리, 브라운",Ø220×H330,LED 4W,"삼색변환, 디밍",,408,c:\Users\skyjw\Downloads\MK12_JPG\MK12_p408.jpg
루체 장S/T,407-002-168-000,168000,화이트,Ø280×H1410,E26×1,,스틸+알루미늄,408,c:\Users\skyjw\Downloads\MK12_JPG\MK12_p408.jpg
루체 단S/T,407-003-057-600,57600,"블랙, 화이트, 레드, 옐로우",Ø170×H370,G9×1,,,408,c:\Users\skyjw\Downloads\MK12_JPG\MK12_p408.jpg
하론 1등 단S/T,408-001-036-400,36400,화이트,Ø270×H400,E26×1,,,409,c:\Users\skyjw\Downloads\MK12_JPG\MK12_p409.jpg
하론 1등 단S/T,408-002-039-000,39000,"소프트핑크, 카키브라운",Ø270×H400,E26×1,,,409,c:\Users\skyjw\Downloads\MK12_JPG\MK12_p409.jpg
젠느 1등 장S/T,408-003-195-000,195000,"크롬, 화이트(유광)","Ø550×H1350 (갓높이200, 받침대320×30), 전선길이2.6M",E26×1 (추천램프:볼구G80),,아크릴+스틸,409,c:\Users\skyjw\Downloads\MK12_JPG\MK12_p409.jpg
깃털 1등 단S/T,409-001-074-000,74000,화이트+골드,Ø400×H580,E26×1,,,410,c:\Users\skyjw\Downloads\MK12_JPG\MK12_p410.jpg
깃털 1등 장S/T,409-002-095-700,95700,화이트,Ø500×H1650,E26×1,,높이 3단 조절,410,c:\Users\skyjw\Downloads\MK12_JPG\MK12_p410.jpg
루티스 단S/T,409-003-042-900,42900,블랙(무광),"Ø180×H365 (갓180×100, 받침대250×25), 전선길이2M",E26×1 (추천램프:인치구),,스틸+유리,410,c:\Users\skyjw\Downloads\MK12_JPG\MK12_p410.jpg
루티스 장S/T,409-004-081-900,81900,블랙(무광),"Ø250×H1310 (갓180×100, 받침대250×25), 전선길이3M",E26×1 (추천램프:인치구),,스틸+유리,410,c:\Users\skyjw\Downloads\MK12_JPG\MK12_p410.jpg
플리트 단S/T,410-001-016-300,16300,우드+화이트,Ø110×H225,E26×1 (추천램프:인치구),,,411,c:\Users\skyjw\Downloads\MK12_JPG\MK12_p411.jpg
솔트 단S/T,410-002-010-700,10700,화이트+아이보리,Ø160×H220,E26×1,,,411,c:\Users\skyjw\Downloads\MK12_JPG\MK12_p411.jpg
아델라 장S/T,410-003-059-000,59000,크롬,Ø870×D360×H1780,E26×1,,,411,c:\Users\skyjw\Downloads\MK12_JPG\MK12_p411.jpg
클라인 장S/T,410-004-054-000,54000,크롬,Ø450×H1600,E26×1,,,411,c:\Users\skyjw\Downloads\MK12_JPG\MK12_p411.jpg
큐브 단S/T,411-001-013-000,13000,,W120×D120×H150,E26(인치구)×1,,세라믹,412,c:\Users\skyjw\Downloads\MK12_JPG\MK12_p412.jpg
하니 단S/T,411-002-009-500,9500,,Ø140×H225,E26×1,,철제+패브릭,412,c:\Users\skyjw\Downloads\MK12_JPG\MK12_p412.jpg
에시아 1등 장S/T,411-003-031-900,31900,,"W300×D335×H1450 (갓Ø300×H180, 받침대Ø250), 전선1.8M",E26×1,,우드+패브릭,412,c:\Users\skyjw\Downloads\MK12_JPG\MK12_p412.jpg
폴로 1등 장S/T,411-004-029-300,29300,,"W340×D850×H1750 (갓Ø340×H180, 받침대Ø255), 전선1.5M",E26×1,,스틸+패브릭+대리석,412,c:\Users\skyjw\Downloads\MK12_JPG\MK12_p412.jpg
뱅크스 단S/T,412-001-026-700,26700,그린+크롬브론즈,W260×D180×H400,E26×1,,,413,c:\Users\skyjw\Downloads\MK12_JPG\MK12_p413.jpg
모엘 단S/T,412-002-024-500,24500,베이지,"Ø235×H310 (받침대Ø150), 전선1.3M",E26×1,,라탄,413,c:\Users\skyjw\Downloads\MK12_JPG\MK12_p413.jpg
브로슈 1등 장S/T,412-003-110-500,110500,아이보리+우드+블랙,"W470×D720×H1500, 전선2.4M (갓Ø470×H230, 받침대W320×D290)","E26×1 (추천램프:불구G95, 에디슨G95)",,우드+PVC+스틸,413,c:\Users\skyjw\Downloads\MK12_JPG\MK12_p413.jpg
A208 S/T,413-001-024-700,24700,핑크,W360×D385×H195,LED 8W,4000K~4500K,"각도조절, 회전 가능",414,c:\Users\skyjw\Downloads\MK12_JPG\MK12_p414.jpg
LED 아블랑 거울등 43W,414-001-165-600,165600,,W600×D45×H1200 (유리두께5mm),LED 43W,4000K,터치X,415,c:\Users\skyjw\Downloads\MK12_JPG\MK12_p415.jpg
LED 플루티 거울등 30W,414-002-116-400,116400,,W500×D45×H800 (유리두께5mm),LED 30W,4000K,터치O,415,c:\Users\skyjw\Downloads\MK12_JPG\MK12_p415.jpg
LED 구름 거울등 30W,414-003-138-000,138000,,W845×D45×H525 (유리두께5mm),LED 30W,4000K,터치O,415,c:\Users\skyjw\Downloads\MK12_JPG\MK12_p415.jpg
LED 베어 거울등 20W,414-004-104-400,104400,,W510×D45×H470 (유리두께5mm),LED 20W,4000K,터치O,415,c:\Users\skyjw\Downloads\MK12_JPG\MK12_p415.jpg
LED 원형 거울등 小 (Ø500) 삼색변환,415-001-074-400,74400,,Ø500×D45 (유리두께5mm),LED 8W,삼색변환,,416,c:\Users\skyjw\Downloads\MK12_JPG\MK12_p416.jpg
LED 원형 거울등 中 (Ø600) 삼색변환,415-002-084-000,84000,,Ø600×D45 (유리두께5mm),LED 20W,삼색변환,,416,c:\Users\skyjw\Downloads\MK12_JPG\MK12_p416.jpg
LED 원형 거울등 大 (Ø800) 삼색변환,415-003-115-200,115200,,Ø800×D45 (유리두께5mm),LED 12W,삼색변환,,416,c:\Users\skyjw\Downloads\MK12_JPG\MK12_p416.jpg
LED 타원형 거울등 (600×800) 4000K 터치X,415-004-098-200,98200,,W600×D45×H800 (유리두께5mm),LED 30W,4000K,터치X,416,c:\Users\skyjw\Downloads\MK12_JPG\MK12_p416.jpg
LED 타원형 거울등 (600×800) 4000K 터치O,415-005-102-800,102800,,W600×D45×H800 (유리두께5mm),LED 30W,4000K,터치O,416,c:\Users\skyjw\Downloads\MK12_JPG\MK12_p416.jpg
LED 타원형 거울등 (600×800) 삼색변환,415-006-106-800,106800,,Ø600×D45×H800 (유리두께5mm),LED 12W,삼색변환,,416,c:\Users\skyjw\Downloads\MK12_JPG\MK12_p416.jpg
LED 직사각 거울등 (600×800),415-007-116-400,116400,,W600×D45×H800 (유리두께5mm),LED 30W,4000K,터치O,416,c:\Users\skyjw\Downloads\MK12_JPG\MK12_p416.jpg
LED 물방울 간접 거울등,415-008-112-800,112800,,W520×D45×H760 (유리두께5mm),LED 20W,4000K,터치X,416,c:\Users\skyjw\Downloads\MK12_JPG\MK12_p416.jpg
LED 에코 라벤더 레일 60구 150W,416-001-149-500,149500,블랙(무광),W1170×D133×H75,LED 150W,6500K+3000K,"스틸+PC, 각도조절약30도, KC, 플리커프리, 현장 A/S 1년",417,c:\Users\skyjw\Downloads\MK12_JPG\MK12_p417.jpg
LED 에코 라벤더 레일 30구 90W,416-002-088-400,88400,블랙(무광),W600×D133×H75,LED 90W,6500K+3000K,"스틸+PC, 각도조절약30도, KC, 플리커프리, 현장 A/S 1년",417,c:\Users\skyjw\Downloads\MK12_JPG\MK12_p417.jpg
LED 에코 라벤더 레일 10구 30W,416-003-037-700,37700,블랙(무광),W220×D133×H75,LED 30W,6500K+3000K,"스틸+PC, 각도조절약30도, KC, 플리커프리, 현장 A/S 1년",417,c:\Users\skyjw\Downloads\MK12_JPG\MK12_p417.jpg
LED 에코 린느 멀티 레일 10구 40W,417-001-045-500,45500,화이트(무광),W405×D63×H115,LED 40W,4000K,"알루미늄+아크릴, 회전약350도, 각도조절양방향각40도내외, KS, 플리커프리, 현장 A/S 1년",418,c:\Users\skyjw\Downloads\MK12_JPG\MK12_p418.jpg
LED 에코 린느 멀티 레일 5구 20W,417-002-032-500,32500,화이트(무광),W215×D63×H115,LED 20W,4000K,"알루미늄+아크릴, 회전약350도, 각도조절양방향각40도내외, KS, 플리커프리, 현장 A/S 1년",418,c:\Users\skyjw\Downloads\MK12_JPG\MK12_p418.jpg
LED 에코 로아 3인치 COB 레일 스포트 10W,418-001-026-000,26000,화이트,Ø85×D130×H120,LED COB 10W,"3000K, 4000K, 5700K","자유로운 각도조절, KS, 플리커프리",419,c:\Users\skyjw\Downloads\MK12_JPG\MK12_p419.jpg
LED 에코 로아 4인치 COB 레일 스포트 20W,418-002-033-800,33800,화이트,Ø103×D140×H150,LED COB 20W,"3000K, 4000K, 5700K","자유로운 각도조절, KS, 플리커프리",419,c:\Users\skyjw\Downloads\MK12_JPG\MK12_p419.jpg
LED 에코 서치 COB 8구 레일 스포트 24W,419-001-038-400,38400,블랙,W205×D55×H185,LED COB 24W,3000K,"상하좌우340도 각도조절, KS, 플리커프리, 현장 A/S 1년",420,c:\Users\skyjw\Downloads\MK12_JPG\MK12_p420.jpg
LED 에코 서치 COB 9구 레일 스포트 30W,419-002-037-100,37100,블랙,W160×D55×H190,LED COB 30W,3000K,"상하좌우340도 각도조절, KS, 플리커프리, 현장 A/S 1년",420,c:\Users\skyjw\Downloads\MK12_JPG\MK12_p420.jpg
스튜디오 레일등,420-001-016-800,16800,"블랙, 화이트",Ø105×H230,E26×1 (추천램프:파20),,,421,c:\Users\skyjw\Downloads\MK12_JPG\MK12_p421.jpg
LED 만달라키 선셋 COB 레일 스포트 5W,421-001-015-600,15600,골드 샤틴,W90×H155,LED COB 5W,"3000K(오렌지빛), 4000K(오로라빛)",자유로운 각도조절,422,c:\Users\skyjw\Downloads\MK12_JPG\MK12_p422.jpg
COB 원통 레일 Ø55,422-001-019-800,19800,"블랙, 화이트",Ø55×H100,LED COB 3W,전구,플리커프리,423,c:\Users\skyjw\Downloads\MK12_JPG\MK12_p423.jpg
COB 원통 레일 Ø75,422-002-027-600,27600,"블랙, 화이트",Ø75×H130,LED COB 5W,전구,플리커프리,423,c:\Users\skyjw\Downloads\MK12_JPG\MK12_p423.jpg
카네스 COB 레일 스포트 10W,422-003-005-000,5000,"블랙, 화이트",Ø50×H190,LED COB 10W,"주광, 주백, 전구","KS, 플리커프리, 현장 A/S 1년",423,c:\Users\skyjw\Downloads\MK12_JPG\MK12_p423.jpg
카네스 COB 레일 스포트 20W,422-004-006-500,6500,"블랙, 화이트",Ø65×H210,LED COB 20W,"주광, 주백, 전구","KS, 플리커프리, 현장 A/S 1년",423,c:\Users\skyjw\Downloads\MK12_JPG\MK12_p423.jpg
카네스 COB 레일 스포트 30W,422-005-008-500,8500,"블랙, 화이트",Ø75×H235,LED COB 30W,"주광, 주백, 전구","KS, 플리커프리, 현장 A/S 1년",423,c:\Users\skyjw\Downloads\MK12_JPG\MK12_p423.jpg
COB 로사 레일 12W,422-006-022-100,22100,"블랙, 화이트",Ø100×H145,LED COB 12W,3000K,"철제, KS, 플리커프리, 현장 A/S 1년",423,c:\Users\skyjw\Downloads\MK12_JPG\MK12_p423.jpg
원통 투투 갓 레일 직부,423-001-019-800,19800,"블랙갓, 화이트갓",W185×H180,GU10 (LED전용),,,424,c:\Users\skyjw\Downloads\MK12_JPG\MK12_p424.jpg
원통 투투 갓 레일 직부,423-002-021-000,21000,골드갓,W185×H180,GU10 (LED전용),,,424,c:\Users\skyjw\Downloads\MK12_JPG\MK12_p424.jpg
원통 투투 레일 직부,423-003-018-000,18000,"블랙, 화이트",W73×H120,GU10 (LED전용),,,424,c:\Users\skyjw\Downloads\MK12_JPG\MK12_p424.jpg
라인 레일 직부 A타입 100,423-004-015-000,15000,"블랙, 화이트",W50×H130,GU10 (LED전용),,,424,c:\Users\skyjw\Downloads\MK12_JPG\MK12_p424.jpg
라인 레일 직부 A타입 100,423-005-019-200,19200,골드,W50×H130,GU10 (LED전용),,,424,c:\Users\skyjw\Downloads\MK12_JPG\MK12_p424.jpg
라인 레일 직부 A타입 100,423-006-020-400,20400,크롬,W50×H130,GU10 (LED전용),,,424,c:\Users\skyjw\Downloads\MK12_JPG\MK12_p424.jpg
라인 레일 직부 A타입 200,423-007-018-000,18000,"블랙, 화이트",W50×H230,GU10 (LED전용),,,424,c:\Users\skyjw\Downloads\MK12_JPG\MK12_p424.jpg
라인 레일 직부 A타입 200,423-008-025-200,25200,골드,W50×H230,GU10 (LED전용),,,424,c:\Users\skyjw\Downloads\MK12_JPG\MK12_p424.jpg
라인 레일 직부 A타입 200,423-009-026-400,26400,크롬,W50×H230,GU10 (LED전용),,,424,c:\Users\skyjw\Downloads\MK12_JPG\MK12_p424.jpg
라인 레일 직부 A타입 300,423-010-021-600,21600,"블랙, 화이트",W50×H330,GU10 (LED전용),,,424,c:\Users\skyjw\Downloads\MK12_JPG\MK12_p424.jpg
라인 레일 직부 A타입 300,423-011-031-200,31200,골드,W50×H330,GU10 (LED전용),,,424,c:\Users\skyjw\Downloads\MK12_JPG\MK12_p424.jpg
라인 레일 직부 A타입 300,423-012-032-400,32400,크롬,W50×H330,GU10 (LED전용),,,424,c:\Users\skyjw\Downloads\MK12_JPG\MK12_p424.jpg
라인 레일 직부 A타입 400,423-013-028-800,28800,"블랙, 화이트",W50×H430,GU10 (LED전용),,,424,c:\Users\skyjw\Downloads\MK12_JPG\MK12_p424.jpg
라인 레일 직부 A타입 400,423-014-040-800,40800,골드,W50×H430,GU10 (LED전용),,,424,c:\Users\skyjw\Downloads\MK12_JPG\MK12_p424.jpg
라인 레일 직부 A타입 400,423-015-043-200,43200,크롬,W50×H430,GU10 (LED전용),,,424,c:\Users\skyjw\Downloads\MK12_JPG\MK12_p424.jpg
라인 레일 직부 V타입 100,424-001-016-200,16200,"블랙, 화이트",W50×H180,GU10 (LED전용),,,425,c:\Users\skyjw\Downloads\MK12_JPG\MK12_p425.jpg
라인 레일 직부 V타입 100,424-002-020-400,20400,골드,W50×H180,GU10 (LED전용),,,425,c:\Users\skyjw\Downloads\MK12_JPG\MK12_p425.jpg
라인 레일 직부 V타입 100,424-003-021-600,21600,크롬,W50×H180,GU10 (LED전용),,,425,c:\Users\skyjw\Downloads\MK12_JPG\MK12_p425.jpg
라인 레일 직부 V타입 200,424-004-019-200,19200,"블랙, 화이트",W50×H280,GU10 (LED전용),,,425,c:\Users\skyjw\Downloads\MK12_JPG\MK12_p425.jpg
라인 레일 직부 V타입 200,424-005-026-400,26400,골드,W50×H280,GU10 (LED전용),,,425,c:\Users\skyjw\Downloads\MK12_JPG\MK12_p425.jpg
라인 레일 직부 V타입 200,424-006-027-600,27600,크롬,W50×H280,GU10 (LED전용),,,425,c:\Users\skyjw\Downloads\MK12_JPG\MK12_p425.jpg
라인 레일 직부 V타입 300,424-007-022-800,22800,"블랙, 화이트",W50×H380,GU10 (LED전용),,,425,c:\Users\skyjw\Downloads\MK12_JPG\MK12_p425.jpg
라인 레일 직부 V타입 300,424-008-032-400,32400,골드,W50×H380,GU10 (LED전용),,,425,c:\Users\skyjw\Downloads\MK12_JPG\MK12_p425.jpg
라인 레일 직부 V타입 300,424-009-033-600,33600,크롬,W50×H380,GU10 (LED전용),,,425,c:\Users\skyjw\Downloads\MK12_JPG\MK12_p425.jpg
자유봉 레일,425-001-001-900,1900,"블랙, 화이트",Ø40×H150,E26×1,,,426,c:\Users\skyjw\Downloads\MK12_JPG\MK12_p426.jpg
자유봉 레일,425-002-003-000,3000,로즈골드,Ø40×H150,E26×1,,,426,c:\Users\skyjw\Downloads\MK12_JPG\MK12_p426.jpg
자유봉 레일,425-003-003-300,3300,골드,Ø40×H150,E26×1,,,426,c:\Users\skyjw\Downloads\MK12_JPG\MK12_p426.jpg
자유봉 레일 펜던트,425-004-002-000,2000,"블랙, 화이트",Ø42×H70,E26×1,,,426,c:\Users\skyjw\Downloads\MK12_JPG\MK12_p426.jpg
자유봉 레일 펜던트,425-005-004-600,4600,"골드, 로즈골드",Ø42×H70,E26×1,,,426,c:\Users\skyjw\Downloads\MK12_JPG\MK12_p426.jpg
나팔 레일,426-001-002-500,2500,"블랙, 화이트",Ø135×H270,E26×1,,,427,c:\Users\skyjw\Downloads\MK12_JPG\MK12_p427.jpg
아트콘 파30 레일,426-002-002-500,2500,"블랙, 화이트",Ø105×H220,E26×1,,,427,c:\Users\skyjw\Downloads\MK12_JPG\MK12_p427.jpg
원통 레일,426-003-002-500,2500,"블랙, 화이트",Ø105×H225,E26×1,,,427,c:\Users\skyjw\Downloads\MK12_JPG\MK12_p427.jpg
원통 레일,426-004-005-900,5900,"골드, 로즈골드",Ø105×H225,E26×1,,,427,c:\Users\skyjw\Downloads\MK12_JPG\MK12_p427.jpg
이중 원통 레일,426-005-002-900,2900,"블랙, 화이트",Ø110×H190,E26×1,,,427,c:\Users\skyjw\Downloads\MK12_JPG\MK12_p427.jpg
이중 원통 레일,426-006-005-200,5200,"골드, 로즈골드",Ø110×H190,E26×1,,,427,c:\Users\skyjw\Downloads\MK12_JPG\MK12_p427.jpg
레일 1M,427-001-002-600,2600,"블랙, 화이트",,,,"전원, 마감부속 미포함",428,c:\Users\skyjw\Downloads\MK12_JPG\MK12_p428.jpg
레일 2M,427-002-005-200,5200,"블랙, 화이트",,,,"전원, 마감부속 미포함",428,c:\Users\skyjw\Downloads\MK12_JPG\MK12_p428.jpg
레일 3M,427-003-007-800,7800,"블랙, 화이트",,,,"전원, 마감부속 미포함",428,c:\Users\skyjw\Downloads\MK12_JPG\MK12_p428.jpg
레일 지지대,427-004-000-900,900,"블랙, 화이트",,,,,428,c:\Users\skyjw\Downloads\MK12_JPG\MK12_p428.jpg
레일 지지대 원터치,427-005-000-800,800,"블랙, 화이트",,,,,428,c:\Users\skyjw\Downloads\MK12_JPG\MK12_p428.jpg
레일 플러그,427-006-000-600,600,"블랙, 화이트",,,,,428,c:\Users\skyjw\Downloads\MK12_JPG\MK12_p428.jpg
레일부속 전원+마감 세트,427-007-000-600,600,"블랙, 화이트",,,,,428,c:\Users\skyjw\Downloads\MK12_JPG\MK12_p428.jpg
레일부속 자바라 연결부,427-008-002-200,2200,"블랙, 화이트",,,,,428,c:\Users\skyjw\Downloads\MK12_JPG\MK12_p428.jpg
레일부속 연결부 (ㄱ),427-009-000-800,800,"블랙, 화이트",,,,,428,c:\Users\skyjw\Downloads\MK12_JPG\MK12_p428.jpg
레일부속 연결부 (一),427-010-000-600,600,"블랙, 화이트",,,,,428,c:\Users\skyjw\Downloads\MK12_JPG\MK12_p428.jpg
레일부속 연결부 (T),427-011-001-400,1400,"블랙, 화이트",,,,,428,c:\Users\skyjw\Downloads\MK12_JPG\MK12_p428.jpg
레일부속 연결부 (+),427-012-001-400,1400,"블랙, 화이트",,,,,428,c:\Users\skyjw\Downloads\MK12_JPG\MK12_p428.jpg
LED 에디슨 G95A,428-001-001-900,1900,,Ø95×H130,E26,2200K,,429,c:\Users\skyjw\Downloads\MK12_JPG\MK12_p429.jpg
LED 에디슨 G95 눈꽃,428-002-005-100,5100,,Ø95×H130,E26,2200K,,429,c:\Users\skyjw\Downloads\MK12_JPG\MK12_p429.jpg
LED 에디슨 G95 은하수,428-003-004-900,4900,,Ø95×H130,E26,2200K,,429,c:\Users\skyjw\Downloads\MK12_JPG\MK12_p429.jpg
LED 에디슨 ST-64A,428-004-001-800,1800,,Ø64×H140,E26,2200K,,429,c:\Users\skyjw\Downloads\MK12_JPG\MK12_p429.jpg
LED 에디슨 ST-64 눈꽃,428-005-004-700,4700,,Ø64×H140,E26,2200K,,429,c:\Users\skyjw\Downloads\MK12_JPG\MK12_p429.jpg
LED 에디슨 ST-64 은하수,428-006-004-600,4600,,Ø64×H140,E26,2200K,,429,c:\Users\skyjw\Downloads\MK12_JPG\MK12_p429.jpg
LED 에디슨 G95 디밍램프,428-007-003-000,3000,,Ø95×H130,E26,"2200K, 디밍",,429,c:\Users\skyjw\Downloads\MK12_JPG\MK12_p429.jpg
LED 에디슨 ST-64 디밍램프,428-008-002-600,2600,,Ø64×H140,E26,"2200K, 디밍",,429,c:\Users\skyjw\Downloads\MK12_JPG\MK12_p429.jpg
LED 스파이럴 G95,428-009-004-400,4400,,Ø95×H130,E26,2200K,,429,c:\Users\skyjw\Downloads\MK12_JPG\MK12_p429.jpg
LED 스파이럴 ST-64,428-010-004-000,4000,,Ø64×H140,E26,2200K,,429,c:\Users\skyjw\Downloads\MK12_JPG\MK12_p429.jpg
LED 에디슨 인치구 G45,429-001-001-500,1500,,Ø45×H80,E26,2200K,,430,c:\Users\skyjw\Downloads\MK12_JPG\MK12_p430.jpg
LED 에디슨 T45,429-002-002-300,2300,,Ø45×H110,E26,2200K,,430,c:\Users\skyjw\Downloads\MK12_JPG\MK12_p430.jpg
LED 에디슨 A60,429-003-001-600,1600,,Ø60×H105,E26,2200K,,430,c:\Users\skyjw\Downloads\MK12_JPG\MK12_p430.jpg
LED 에디슨 G80A,429-004-002-000,2000,,Ø80×H110,E26,2200K,,430,c:\Users\skyjw\Downloads\MK12_JPG\MK12_p430.jpg
LED 에디슨 G125A,429-005-003-100,3100,,Ø125×H170,E26,2200K,,430,c:\Users\skyjw\Downloads\MK12_JPG\MK12_p430.jpg
"LED 에디슨 촛대구 C35 (E14, E17)",429-006-001-600,1600,,Ø35×H93,"E14, E17",2200K,,430,c:\Users\skyjw\Downloads\MK12_JPG\MK12_p430.jpg
LED 에디슨 눈꽃 다이아,429-007-005-600,5600,,Ø95×H130,E26,2200K,,430,c:\Users\skyjw\Downloads\MK12_JPG\MK12_p430.jpg
LED 에디슨 눈꽃 별,429-008-006-200,6200,,Ø140×D60×H170,E26,2200K,,430,c:\Users\skyjw\Downloads\MK12_JPG\MK12_p430.jpg
LED 에디슨 T30×300,429-009-003-800,3800,,Ø30×H300,E26,2200K,,430,c:\Users\skyjw\Downloads\MK12_JPG\MK12_p430.jpg
LED 벌브 8W,430-001-000-600,600,,Ø58×H105,E26,"주광, 주백, 전구",KS,431,c:\Users\skyjw\Downloads\MK12_JPG\MK12_p431.jpg
LED 벌브 12W,430-002-000-800,800,,Ø60×H110,E26,"주광, 주백, 전구",KS,431,c:\Users\skyjw\Downloads\MK12_JPG\MK12_p431.jpg
LED 벌브 15W,430-003-001-600,1600,,Ø65×H130,E26,"주광, 주백, 전구",KS,431,c:\Users\skyjw\Downloads\MK12_JPG\MK12_p431.jpg
LED 인치구 5W (E26),430-004-001-100,1100,,Ø45×H75,E26,"주광, 전구",KS,431,c:\Users\skyjw\Downloads\MK12_JPG\MK12_p431.jpg
LED 볼구 G80 10W (숏타입),430-005-002-000,2000,,Ø80×H110,E26,"주광, 주백, 전구",KS,431,c:\Users\skyjw\Downloads\MK12_JPG\MK12_p431.jpg
LED 볼구 G95 12W (숏타입),430-006-002-000,2000,,Ø95×H120,E26,"주광, 주백, 전구",KS,431,c:\Users\skyjw\Downloads\MK12_JPG\MK12_p431.jpg
LED 볼구 G95 12W (롱타입),430-007-002-200,2200,,Ø95×H140,E26,"주광, 전구",KS,431,c:\Users\skyjw\Downloads\MK12_JPG\MK12_p431.jpg
LED 볼구 G120 20W,430-008-005-500,5500,,Ø120×H175,E26,"주광, 전구",KS,431,c:\Users\skyjw\Downloads\MK12_JPG\MK12_p431.jpg
LED G9 핀타입 4.2W,430-009-002-000,2000,,Ø16×H50,핀타입,"주광, 주백, 전구",KS,431,c:\Users\skyjw\Downloads\MK12_JPG\MK12_p431.jpg
"LED 콘벌브 4.2W (E14, E17)",430-010-002-100,2100,,Ø16×H66,"E14, E17","주광, 주백, 전구",KS,431,c:\Users\skyjw\Downloads\MK12_JPG\MK12_p431.jpg
LED 콘벌브 7W (E26),430-011-002-300,2300,,Ø29×H76,E26,"주광, 주백, 전구",KS,431,c:\Users\skyjw\Downloads\MK12_JPG\MK12_p431.jpg
"LED 옥수수 램프 8W 색변환 (E14, E17, E26)",430-012-004-200,4200,,Ø30×H96,"E14, E17, E26","색변환(6500K,4000K,3000K)",KS,431,c:\Users\skyjw\Downloads\MK12_JPG\MK12_p431.jpg
"LED 크리스탈 촛대구 5W (E14, E17)",430-013-004-800,4800,,"(E14)Ø40×H90, (E17)Ø42×H88","E14, E17","전구, 주백",KS,431,c:\Users\skyjw\Downloads\MK12_JPG\MK12_p431.jpg
"LED 촛대구 5W (E14, E17)",430-014-002-100,2100,,Ø35×H105,"E14, E17","주광, 전구",KS,431,c:\Users\skyjw\Downloads\MK12_JPG\MK12_p431.jpg
"LED 미니 크립톤 3W (E14, E17)",431-001-001-800,1800,,Ø35×H70,"E14, E17","주광, 전구",KS,432,c:\Users\skyjw\Downloads\MK12_JPG\MK12_p432.jpg
LED 스틱램프 4W (인치구 겸용),431-002-001-100,1100,,Ø40×H80,,"주광, 전구",KS,432,c:\Users\skyjw\Downloads\MK12_JPG\MK12_p432.jpg
LED 파20램프 7W (집중형),431-003-002-100,2100,,Ø63×H86,,"주광, 주백, 전구",KS,432,c:\Users\skyjw\Downloads\MK12_JPG\MK12_p432.jpg
"LED 더뷰 파30램프 15W (집중형, 확산형)",431-004-001-700,1700,,Ø92×H95,E26,"주광, 주백, 전구",KS,432,c:\Users\skyjw\Downloads\MK12_JPG\MK12_p432.jpg
LED 에코 GX53 8W,431-005-004-000,4000,,Ø74×H30,,"주광, 전구","KS, 플리커프리",432,c:\Users\skyjw\Downloads\MK12_JPG\MK12_p432.jpg
LED 에코 반트 보안등 30W,431-006-010-400,10400,,Ø73×H225,E26,"주광, 전구","KS, 플리커프리",432,c:\Users\skyjw\Downloads\MK12_JPG\MK12_p432.jpg
LED 에코 반트 보안등 40W,431-007-012-600,12600,,Ø90×H235,E26,"주광, 전구","KS, 플리커프리, E39 변환소켓 포함",432,c:\Users\skyjw\Downloads\MK12_JPG\MK12_p432.jpg
LED 에코 반트 보안등 50W,431-008-014-400,14400,,Ø90×H287,E39,"주광, 전구","KS, 플리커프리",432,c:\Users\skyjw\Downloads\MK12_JPG\MK12_p432.jpg
LED 에코 반트 보안등 61W,431-009-017-100,17100,,Ø89×H300,E39,"주광, 전구","KS, 플리커프리",432,c:\Users\skyjw\Downloads\MK12_JPG\MK12_p432.jpg
LED 에코 반트 보안등 75W,431-010-020-700,20700,,Ø89×H335,E39,"주광, 전구","KS, 플리커프리",432,c:\Users\skyjw\Downloads\MK12_JPG\MK12_p432.jpg
LED 하이벌브 20W,431-011-001-800,1800,,Ø85×H145,E26,"주광, 전구",KS,432,c:\Users\skyjw\Downloads\MK12_JPG\MK12_p432.jpg
LED 하이벌브 30W,431-012-003-000,3000,,Ø100×H170,E26,"주광, 전구",KS,432,c:\Users\skyjw\Downloads\MK12_JPG\MK12_p432.jpg
LED 하이벌브 40W,431-013-005-200,5200,,Ø115×H210,E39,"주광, 전구",KS,432,c:\Users\skyjw\Downloads\MK12_JPG\MK12_p432.jpg
LED 하이벌브 50W,431-014-006-400,6400,,Ø140×H240,E39,"주광, 전구",KS,432,c:\Users\skyjw\Downloads\MK12_JPG\MK12_p432.jpg
LED GU10 4W,432-001-002-200,2200,,"Ø50×H52, 220V",LED 4W,"주광, 전구, 주백",,433,c:\Users\skyjw\Downloads\MK12_JPG\MK12_p433.jpg
LED MR16 4W,432-002-001-600,1600,,Ø50×H50,LED 4W,"주광, 전구, 주백",,433,c:\Users\skyjw\Downloads\MK12_JPG\MK12_p433.jpg
LED MR 전용 안정기,432-003-001-700,1700,,20W,,,KC,433,c:\Users\skyjw\Downloads\MK12_JPG\MK12_p433.jpg
파티라이트 10M_10구,432-004-028-400,28400,"블랙, 화이트",간격0.95M,E26×10,,KC,433,c:\Users\skyjw\Downloads\MK12_JPG\MK12_p433.jpg
파티라이트 10M_20구,432-005-041-400,41400,"블랙, 화이트",간격0.95M,E26×20,,KC,433,c:\Users\skyjw\Downloads\MK12_JPG\MK12_p433.jpg
파티라이트 15M_15구,432-006-042-200,42200,"블랙, 화이트",간격0.95M,E26×15,,KC,433,c:\Users\skyjw\Downloads\MK12_JPG\MK12_p433.jpg
파티라이트 20M_20구,432-007-056-600,56600,"블랙, 화이트",간격0.95M,E26×20,,KC,433,c:\Users\skyjw\Downloads\MK12_JPG\MK12_p433.jpg
파티라이트 30M_30구,432-008-081-300,81300,"블랙, 화이트",간격0.95M,E26×30,,KC,433,c:\Users\skyjw\Downloads\MK12_JPG\MK12_p433.jpg
파티라이트 50M_50구,432-009-140-700,140700,"블랙, 화이트",간격0.95M,E26×50,,KC,433,c:\Users\skyjw\Downloads\MK12_JPG\MK12_p433.jpg
국산 삼성칩 일자등,433-001-003-000,3000,,,LED 30W,,국산 삼성칩,434,c:\Users\skyjw\Downloads\MK12_JPG\MK12_p434.jpg
국산 삼성칩 십자등,433-002-007-200,7200,,,LED 60W,,국산 삼성칩,434,c:\Users\skyjw\Downloads\MK12_JPG\MK12_p434.jpg
크림 욕실등,433-003-007-000,7000,,W420×D80×H60,LED 20W,,,434,c:\Users\skyjw\Downloads\MK12_JPG\MK12_p434.jpg
원형 센서등 15W,433-004-004-700,4700,,,LED 15W,주광,국산 삼성칩,434,c:\Users\skyjw\Downloads\MK12_JPG\MK12_p434.jpg
원형 직부등 15W,433-005-003-500,3500,,,LED 15W,주광,국산 삼성칩,434,c:\Users\skyjw\Downloads\MK12_JPG\MK12_p434.jpg
스마트 센서등 15W,433-006-005-300,5300,,,LED 15W,주광,국산 삼성칩,434,c:\Users\skyjw\Downloads\MK12_JPG\MK12_p434.jpg
스마트 직부등 15W,433-007-003-900,3900,,,LED 15W,주광,국산 삼성칩,434,c:\Users\skyjw\Downloads\MK12_JPG\MK12_p434.jpg
6인치 슬림 엣지 원형 센서 12W,434-001-007-200,7200,화이트,,LED 12W,"주광, 주백, 전구","플리커프리, 현장 A/S 1년",435,c:\Users\skyjw\Downloads\MK12_JPG\MK12_p435.jpg
6인치 슬림 엣지 원형 직부 12W,434-002-005-500,5500,화이트,,LED 12W,"주광, 주백, 전구","플리커프리, 현장 A/S 1년",435,c:\Users\skyjw\Downloads\MK12_JPG\MK12_p435.jpg
6인치 슬림 엣지 사각 센서 12W,434-003-007-800,7800,화이트,,LED 12W,"주광, 주백, 전구","플리커프리, 현장 A/S 1년",435,c:\Users\skyjw\Downloads\MK12_JPG\MK12_p435.jpg
6인치 슬림 엣지 사각 직부 12W,434-004-005-800,5800,화이트,,LED 12W,"주광, 주백, 전구","플리커프리, 현장 A/S 1년",435,c:\Users\skyjw\Downloads\MK12_JPG\MK12_p435.jpg
8인치 슬림 엣지 원형 센서 20W,434-005-007-700,7700,화이트,,LED 20W,"주광, 주백, 전구","플리커프리, 현장 A/S 1년",435,c:\Users\skyjw\Downloads\MK12_JPG\MK12_p435.jpg
8인치 슬림 엣지 원형 직부 20W,434-006-005-600,5600,화이트,,LED 20W,"주광, 주백, 전구","플리커프리, 현장 A/S 1년",435,c:\Users\skyjw\Downloads\MK12_JPG\MK12_p435.jpg
8인치 슬림 엣지 사각 센서 20W,434-007-008-200,8200,화이트,,LED 20W,"주광, 주백, 전구","플리커프리, 현장 A/S 1년",435,c:\Users\skyjw\Downloads\MK12_JPG\MK12_p435.jpg
8인치 슬림 엣지 사각 직부 20W,434-008-006-300,6300,화이트,,LED 20W,"주광, 주백, 전구","플리커프리, 현장 A/S 1년",435,c:\Users\skyjw\Downloads\MK12_JPG\MK12_p435.jpg
10인치 슬림 엣지 원형 센서 20W,434-009-010-600,10600,화이트,W250×H18,LED 20W,"주광, 주백, 전구","플리커프리, 현장 A/S 1년",435,c:\Users\skyjw\Downloads\MK12_JPG\MK12_p435.jpg
10인치 슬림 엣지 원형 직부 20W,434-010-008-800,8800,화이트,W250×H18,LED 20W,"주광, 주백, 전구","플리커프리, 현장 A/S 1년",435,c:\Users\skyjw\Downloads\MK12_JPG\MK12_p435.jpg
10인치 슬림 엣지 사각 센서 20W,434-011-010-300,10300,화이트,W250×H18,LED 20W,"주광, 주백, 전구","플리커프리, 현장 A/S 1년",435,c:\Users\skyjw\Downloads\MK12_JPG\MK12_p435.jpg
10인치 슬림 엣지 사각 직부 20W,434-012-009-000,9000,화이트,W250×H18,LED 20W,"주광, 주백, 전구","플리커프리, 현장 A/S 1년",435,c:\Users\skyjw\Downloads\MK12_JPG\MK12_p435.jpg
멀티 MR 1구,435-001-005-900,5900,"블랙, 화이트","외경W115×D115×H70, 타공W90×D90",LED MR16×1,,램프 및 안정기 별도,436,c:\Users\skyjw\Downloads\MK12_JPG\MK12_p436.jpg
멀티 MR 2구,435-002-009-800,9800,"블랙, 화이트","외경W210×D115×H70, 타공W188×D93",LED MR16×2,,램프 및 안정기 별도,436,c:\Users\skyjw\Downloads\MK12_JPG\MK12_p436.jpg
멀티 MR 3구,435-003-014-300,14300,"블랙, 화이트","외경W305×D115×H70, 타공W285×D93",LED MR16×3,,램프 및 안정기 별도,436,c:\Users\skyjw\Downloads\MK12_JPG\MK12_p436.jpg
멀티 파30 1구,435-004-008-100,8100,"블랙, 화이트","외경W186×D186×H120, 타공W155×D155",LED PAR30×1,,램프 별도,436,c:\Users\skyjw\Downloads\MK12_JPG\MK12_p436.jpg
멀티 파30 2구,435-005-013-000,13000,"블랙, 화이트","외경W350×D186×H120, 타공W320×D155",LED PAR30×2,,램프 별도,436,c:\Users\skyjw\Downloads\MK12_JPG\MK12_p436.jpg
멀티 파30 3구,435-006-020-800,20800,"블랙, 화이트","외경W515×D186×H120, 타공W485×D155",LED PAR30×3,,램프 별도,436,c:\Users\skyjw\Downloads\MK12_JPG\MK12_p436.jpg
고출력 공장등 AC타입 (100W),436-001-033-000,33000,,,,주광색,"체인1M포함, 삼성칩, KS, 고효율, 현장출동 A/S 3년",437,c:\Users\skyjw\Downloads\MK12_JPG\MK12_p437.jpg
고출력 공장등 AC타입 (120W),436-002-033-600,33600,,,,주광색,"체인1M포함, 삼성칩, KS, 고효율, 현장출동 A/S 3년",437,c:\Users\skyjw\Downloads\MK12_JPG\MK12_p437.jpg
고출력 공장등 AC타입 (150W),436-003-034-200,34200,,,,주광색,"체인1M포함, 삼성칩, KS, 고효율, 현장출동 A/S 3년",437,c:\Users\skyjw\Downloads\MK12_JPG\MK12_p437.jpg
고출력 공장등 AC타입 (200W),436-004-055-200,55200,,,,주광색,"체인1M포함, 삼성칩, KS, 고효율, 현장출동 A/S 3년",437,c:\Users\skyjw\Downloads\MK12_JPG\MK12_p437.jpg
고출력 공장등 DC타입 (100W),436-005-044-400,44400,,,,주광색,"체인1M포함, 삼성칩, KS, 고효율, 현장출동 A/S 3년",437,c:\Users\skyjw\Downloads\MK12_JPG\MK12_p437.jpg
고출력 공장등 DC타입 (120W),436-006-046-200,46200,,,,주광색,"체인1M포함, 삼성칩, KS, 고효율, 현장출동 A/S 3년",437,c:\Users\skyjw\Downloads\MK12_JPG\MK12_p437.jpg
고출력 공장등 DC타입 (150W),436-007-046-800,46800,,,,주광색,"체인1M포함, 삼성칩, KS, 고효율, 현장출동 A/S 3년",437,c:\Users\skyjw\Downloads\MK12_JPG\MK12_p437.jpg
고출력 공장등 DC타입 (200W),436-008-062-400,62400,,,,주광색,"체인1M포함, 삼성칩, KS, 고효율, 현장출동 A/S 3년",437,c:\Users\skyjw\Downloads\MK12_JPG\MK12_p437.jpg
고출력 공장등 DC타입 (300W),436-009-144-000,144000,,,,주광색,"체인1M포함, 삼성칩, KS, 고효율, 현장출동 A/S 3년",437,c:\Users\skyjw\Downloads\MK12_JPG\MK12_p437.jpg
벽부형 브라켓 추가,436-010-004-800,4800,,,,,좌우 각30도씩 회전 가능,437,c:\Users\skyjw\Downloads\MK12_JPG\MK12_p437.jpg
LED 사각 미니 노출 투광기 30W,436-011-008-400,8400,"블랙, 화이트",,LED 30W,"주광색, 전구색",KC,437,c:\Users\skyjw\Downloads\MK12_JPG\MK12_p437.jpg
LED 사각 미니 노출 투광기 50W,436-012-009-000,9000,"블랙, 화이트",,LED 50W,"주광색, 전구색",KC,437,c:\Users\skyjw\Downloads\MK12_JPG\MK12_p437.jpg
LED 레이스웨이 (주차장등) 상시 18W,437-001-018-000,18000,,,LED 18W,,"센서디밍, PRI온도감지, KS, 고효율, 현장 A/S 3년",438,c:\Users\skyjw\Downloads\MK12_JPG\MK12_p438.jpg
LED 레이스웨이 (주차장등) 상시 40W,437-002-020-400,20400,,,LED 40W,,"센서디밍, PRI온도감지, KS, 고효율, 현장 A/S 3년, 친환경(40W)",438,c:\Users\skyjw\Downloads\MK12_JPG\MK12_p438.jpg
LED 방습등 50W,437-003-036-000,36000,,,LED 50W,,"KS, 고효율, 현장 A/S 3년, 친환경",438,c:\Users\skyjw\Downloads\MK12_JPG\MK12_p438.jpg
LED 육각 투광기 30W (방수),437-004-041-000,41000,"블랙, 화이트",W114×D46×H200,LED 30W,"5700K, 3000K","IP68, 현장 A/S 1년",438,c:\Users\skyjw\Downloads\MK12_JPG\MK12_p438.jpg
LED 외부 라인 투광기 (일반형) 24W,438-001-037-700,37700,다크그레이(무광),W996×D27×H35,LED 24W,4000K,"IP66, DC24V, 알루미늄, 최대4개 직렬연결 가능, 빔각도조절 약30도, 안정기 미포함",439,c:\Users\skyjw\Downloads\MK12_JPG\MK12_p439.jpg
LED 외부 라인 투광기 (바이저형) 24W,438-002-039-000,39000,다크그레이(무광),W996×D42×H35,LED 24W,4000K,"IP66, DC24V, 알루미늄, 최대4개 직렬연결 가능, 빔각도조절 약30도, 안정기 미포함",439,c:\Users\skyjw\Downloads\MK12_JPG\MK12_p439.jpg
LED 텐디 센서 다용도 일자등 60W (디밍),439-001-023-400,23400,무광 화이트,W1237×D58×H48 (브라켓100×61),LED 60W,6500K,"알루미늄+플라스틱, 빔각도120도, 디밍(센서강도 약/강)",440,c:\Users\skyjw\Downloads\MK12_JPG\MK12_p440.jpg
LED 와이드 거실등용 리폼 모듈 30W,440-001-009-800,9800,,W580×D97×H12,LED 30W,6500K,"정격전압220V,60Hz, 정격광속3800lm, 국산, KC, 플리커프리",441,c:\Users\skyjw\Downloads\MK12_JPG\MK12_p441.jpg
LED 와이드 방등용 리폼 모듈 30W,440-002-011-000,11000,,W403×D180×H12,LED 30W,6500K,"정격전압220V,60Hz, 정격광속3800lm, 국산, KC, 플리커프리",441,c:\Users\skyjw\Downloads\MK12_JPG\MK12_p441.jpg
LED 원형 방등용 리폼 모듈 15W (주광색),440-003-004-600,4600,,W182×D180×H12,LED 15W,6500K,"정격전압220V,60Hz, 정격광속1650lm, 국산, KC, 플리커프리",441,c:\Users\skyjw\Downloads\MK12_JPG\MK12_p441.jpg
"LED 원형 방등용 리폼 모듈 15W (주백색, 전구색)",440-004-005-900,5900,,W182×D180×H12,LED 15W,"4000K, 3000K","정격전압220V,60Hz, 정격광속1650lm, 국산, KC, 플리커프리",441,c:\Users\skyjw\Downloads\MK12_JPG\MK12_p441.jpg
LED 사각 방등용 리폼 모듈 15W (주광색),440-005-005-900,5900,,W182×D180×H12,LED 15W,6500K,"정격전압220V,60Hz, 정격광속1650lm, 국산, KC, 플리커프리",441,c:\Users\skyjw\Downloads\MK12_JPG\MK12_p441.jpg
"LED 사각 방등용 리폼 모듈 15W (주백색, 전구색)",440-006-005-900,5900,,W182×D180×H12,LED 15W,"4000K, 3000K","정격전압220V,60Hz, 정격광속1650lm, 국산, KC, 플리커프리",441,c:\Users\skyjw\Downloads\MK12_JPG\MK12_p441.jpg
LED 주방등용 리폼 모듈 25W (주광색),441-001-005-500,5500,,W420×D48×H12,LED 25W,6500K,"정격전압220V,60Hz, 정격광속3000lm, 국산, KC, 플리커프리",442,c:\Users\skyjw\Downloads\MK12_JPG\MK12_p442.jpg
"LED 주방등용 리폼 모듈 25W (주백색, 전구색)",441-002-005-900,5900,,W420×D48×H12,LED 25W,"4000K, 3000K","정격전압220V,60Hz, 정격광속3000lm, 국산, KC, 플리커프리",442,c:\Users\skyjw\Downloads\MK12_JPG\MK12_p442.jpg
LED 주방등용 리폼 모듈 30W (주광색),441-003-006-200,6200,,W520×D48×H12,LED 30W,6500K,"정격전압220V,60Hz, 정격광속3500lm, 국산, KC, 플리커프리",442,c:\Users\skyjw\Downloads\MK12_JPG\MK12_p442.jpg
"LED 주방등용 리폼 모듈 30W (주백색, 전구색)",441-004-006-500,6500,,W520×D48×H12,LED 30W,"4000K, 3000K","정격전압220V,60Hz, 정격광속3500lm, 국산, KC, 플리커프리",442,c:\Users\skyjw\Downloads\MK12_JPG\MK12_p442.jpg
